Date,IDBI
2014-10-24,66.75
2014-10-23,66.75
2014-10-22,66.75
2014-10-21,65.9
2014-10-20,63.7
2014-10-17,61.6
2014-10-16,60.25
2014-10-15,61.7
2014-10-14,61.7
2014-10-13,61.35
2014-10-10,60.75
2014-10-09,62.25
2014-10-08,60.45
2014-10-07,60.05
2014-10-06,60.55
2014-10-03,60.55
2014-10-02,60.55
2014-10-01,60.65
2014-09-30,61
2014-09-29,62.55
2014-09-26,62.65
2014-09-25,60.1
2014-09-24,67.55
2014-09-23,71.45
2014-09-22,73.85
2014-09-19,73.8
2014-09-18,76.2
2014-09-17,73.95
2014-09-16,74.65
2014-09-15,80.05
2014-09-12,78.05
2014-09-11,78.25
2014-09-10,77.15
2014-09-09,75.75
2014-09-08,75.35
2014-09-05,74.9
2014-09-04,75.2
2014-09-03,77.05
2014-09-02,78.25
2014-09-01,77.65
2014-08-29,76.1
2014-08-28,76.1
2014-08-27,77.9
2014-08-26,79.55
2014-08-25,78.9
2014-08-22,81.05
2014-08-21,80.35
2014-08-20,78.95
2014-08-19,79.75
2014-08-18,80.1
2014-08-15,78.85
2014-08-14,78.85
2014-08-13,77.75
2014-08-12,82.05
2014-08-11,81.1
2014-08-08,83.1
2014-08-07,84.55
2014-08-06,85
2014-08-05,91.25
2014-08-04,90.7
2014-08-01,89.3
2014-07-31,89.4
2014-07-30,90.95
2014-07-29,90.3
2014-07-28,90.3
2014-07-25,90.2
2014-07-24,92.95
2014-07-23,92.2
2014-07-22,92.4
2014-07-21,93.2
2014-07-18,93.55
2014-07-17,94.7
2014-07-16,94.65
2014-07-15,93.05
2014-07-14,89.95
2014-07-11,88.35
2014-07-10,96.1
2014-07-09,93.75
2014-07-08,98.8
2014-07-07,106.95
2014-07-04,107.8
2014-07-03,107.9
2014-07-02,106.8
2014-07-01,107.65
2014-06-30,109.45
2014-06-27,105.5
2014-06-26,107.55
2014-06-25,107.18
2014-06-24,106.23
2014-06-23,103.19
2014-06-20,101.29
2014-06-19,103.29
2014-06-18,104.89
2014-06-17,107.38
2014-06-16,104.39
2014-06-13,102.99
2014-06-12,108.83
2014-06-11,108.88
2014-06-10,112.47
2014-06-09,111.32
2014-06-06,111.87
2014-06-05,111.92
2014-06-04,112.07
2014-06-03,96.86
2014-06-02,98.1
2014-05-30,93.22
2014-05-29,95.76
2014-05-28,93.31
2014-05-27,94.31
2014-05-26,97.4
2014-05-23,94.96
2014-05-22,89.47
2014-05-21,87.98
2014-05-20,86.43
2014-05-19,86.23
2014-05-16,79.15
2014-05-15,73.51
2014-05-14,74.16
2014-05-13,70.22
2014-05-12,69.47
2014-05-09,69.18
2014-05-08,66.08
2014-05-07,67.08
2014-05-06,67.83
2014-05-05,68.48
2014-05-02,68.93
2014-05-01,68.03
2014-04-30,68.03
2014-04-29,67.83
2014-04-28,69.13
2014-04-25,67.38
2014-04-24,66.83
2014-04-23,66.83
2014-04-22,66.98
2014-04-21,67.98
2014-04-18,66.08
2014-04-17,66.08
2014-04-16,64.89
2014-04-15,66.18
2014-04-14,67.83
2014-04-11,67.83
2014-04-10,66.83
2014-04-09,66.78
2014-04-08,63.99
2014-04-07,63.99
2014-04-04,64.99
2014-04-03,64.29
2014-04-02,65.34
2014-04-01,63.94
2014-03-31,65.29
2014-03-28,65.53
2014-03-27,63.64
2014-03-26,61.35
2014-03-25,60.05
2014-03-24,59.85
2014-03-21,58.7
2014-03-20,58.15
2014-03-19,59.35
2014-03-18,59.5
2014-03-17,58.85
2014-03-14,58.85
2014-03-13,59.25
2014-03-12,59.3
2014-03-11,59.85
2014-03-10,60.55
2014-03-07,59.7
2014-03-06,58.55
2014-03-05,58.35
2014-03-04,57.06
2014-03-03,55.96
2014-02-28,55.96
2014-02-27,55.61
2014-02-26,55.61
2014-02-25,55.71
2014-02-24,56.06
2014-02-21,56.01
2014-02-20,55.81
2014-02-19,55.91
2014-02-18,56.31
2014-02-17,55.81
2014-02-14,54.81
2014-02-13,53.71
2014-02-12,54.46
2014-02-11,54.81
2014-02-10,54.61
2014-02-07,54.56
2014-02-06,54.11
2014-02-05,55.06
2014-02-04,55.31
2014-02-03,54.26
2014-01-31,55.31
2014-01-30,54.71
2014-01-29,54.26
2014-01-28,56.21
2014-01-27,57.36
2014-01-24,61.35
2014-01-23,63.44
2014-01-22,62.62
2014-01-21,63.06
2014-01-20,62.22
2014-01-17,62.37
2014-01-16,63.8
2014-01-15,64.24
2014-01-14,63.31
2014-01-13,63.21
2014-01-10,63.21
2014-01-09,63.8
2014-01-08,65.82
2014-01-07,63.31
2014-01-06,64.79
2014-01-03,65.28
2014-01-02,64.79
2014-01-01,66.46
2013-12-31,65.53
2013-12-30,64.49
2013-12-27,64.98
2013-12-26,64.69
2013-12-25,64.29
2013-12-24,64.29
2013-12-23,63.95
2013-12-20,63.26
2013-12-19,61.24
2013-12-18,62.17
2013-12-17,60.2
2013-12-16,61.24
2013-12-13,61.88
2013-12-12,63.31
2013-12-11,64.15
2013-12-10,64.24
2013-12-09,65.97
2013-12-06,65.62
2013-12-05,64.93
2013-12-04,63.01
2013-12-03,63.85
2013-12-02,64.1
2013-11-29,63.9
2013-11-28,62.77
2013-11-27,62.86
2013-11-26,62.86
2013-11-25,63.9
2013-11-22,62.47
2013-11-21,63.85
2013-11-20,65.23
2013-11-19,66.36
2013-11-18,65.28
2013-11-15,63.7
2013-11-14,63.7
2013-11-13,62.67
2013-11-12,63.31
2013-11-11,63.95
2013-11-08,66.07
2013-11-07,66.17
2013-11-06,67.74
2013-11-05,70.16
2013-11-04,68.34
2013-11-01,68.34
2013-10-31,66.81
2013-10-30,64.98
2013-10-29,67.65
2013-10-28,65.33
2013-10-25,65.58
2013-10-24,67.3
2013-10-23,66.86
2013-10-22,64.15
2013-10-21,64.15
2013-10-18,62.07
2013-10-17,60.79
2013-10-16,61.04
2013-10-15,61.04
2013-10-14,62.96
2013-10-11,62.17
2013-10-10,61.48
2013-10-09,61.43
2013-10-08,60.84
2013-10-07,60.25
2013-10-04,60.3
2013-10-03,60.4
2013-10-02,59.22
2013-10-01,59.22
2013-09-30,57.79
2013-09-27,59.07
2013-09-26,60
2013-09-25,59.86
2013-09-24,60.5
2013-09-23,60.15
2013-09-20,62.62
2013-09-19,63.65
2013-09-18,60.05
2013-09-17,58.92
2013-09-16,59.36
2013-09-13,58.92
2013-09-12,58.33
2013-09-11,58.87
2013-09-10,56.26
2013-09-09,55.57
2013-09-06,55.57
2013-09-05,56.11
2013-09-04,53.15
2013-09-03,52.21
2013-09-02,54.73
2013-08-30,54.14
2013-08-29,53.99
2013-08-28,52.41
2013-08-27,52.41
2013-08-26,54.12
2013-08-23,53.57
2013-08-22,52.55
2013-08-21,51.21
2013-08-20,52.5
2013-08-19,51.9
2013-08-16,53.01
2013-08-15,56.71
2013-08-14,56.71
2013-08-13,56.16
2013-08-12,54.86
2013-08-09,54.03
2013-08-08,54.03
2013-08-07,54.17
2013-08-06,52.64
2013-08-05,55.97
2013-08-02,55.42
2013-08-01,57.5
2013-07-31,60.37
2013-07-30,59.91
2013-07-29,61.39
2013-07-26,63.14
2013-07-25,65.18
2013-07-24,65.83
2013-07-23,67.58
2013-07-22,65.46
2013-07-19,64.62
2013-07-18,65.04
2013-07-17,64.25
2013-07-16,65.64
2013-07-15,69.11
2013-07-12,67.4
2013-07-11,67.68
2013-07-10,66.52
2013-07-09,67.77
2013-07-08,65.69
2013-07-05,66.24
2013-07-04,66.01
2013-07-03,64.67
2013-07-02,67.91
2013-07-01,68.28
2013-06-28,65.64
2013-06-27,63.1
2013-06-26,63.74
2013-06-25,64.44
2013-06-24,64.95
2013-06-21,67.31
2013-06-20,68.69
2013-06-19,71.05
2013-06-18,70.5
2013-06-17,71.89
2013-06-14,70.96
2013-06-13,69.57
2013-06-12,70.5
2013-06-11,70.17
2013-06-10,71.56
2013-06-07,72.72
2013-06-06,73.37
2013-06-05,72.67
2013-06-04,72.72
2013-06-03,74.25
2013-05-31,73.83
2013-05-30,75.86
2013-05-29,77.71
2013-05-28,79.61
2013-05-27,79.06
2013-05-24,78.78
2013-05-23,78.55
2013-05-22,81.18
2013-05-21,83.13
2013-05-20,83.87
2013-05-17,83.87
2013-05-16,83.68
2013-05-15,82.85
2013-05-14,80.58
2013-05-13,79.8
2013-05-10,81.55
2013-05-09,81.42
2013-05-08,81.32
2013-05-07,81.55
2013-05-06,81.14
2013-05-03,82.43
2013-05-02,83.87
2013-05-01,81.69
2013-04-30,81.69
2013-04-29,82.62
2013-04-26,82.2
2013-04-25,81.74
2013-04-24,80.54
2013-04-23,80.54
2013-04-22,81.14
2013-04-19,79.8
2013-04-18,79.8
2013-04-17,78.13
2013-04-16,78.27
2013-04-15,76.74
2013-04-12,75.59
2013-04-11,74.52
2013-04-10,74.71
2013-04-09,73.88
2013-04-08,74.94
2013-04-05,75.54
2013-04-04,76.37
2013-04-03,76.19
2013-04-02,77.85
2013-04-01,76.33
2013-03-29,74.25
2013-03-28,74.25
2013-03-27,73.83
2013-03-26,73.83
2013-03-25,75.08
2013-03-22,76
2013-03-21,75.31
2013-03-20,76.93
2013-03-19,79.29
2013-03-18,81.23
2013-03-15,82.39
2013-03-14,83.31
2013-03-13,82.02
2013-03-12,84.65
2013-03-11,85.67
2013-03-08,85.81
2013-03-07,84.88
2013-03-06,84.61
2013-03-05,82.85
2013-03-04,81
2013-03-01,82.29
2013-02-28,82.06
2013-02-27,87.2
2013-02-26,86.74
2013-02-25,88.17
2013-02-22,89.79
2013-02-21,89.14
2013-02-20,92.38
2013-02-19,92.84
2013-02-18,91.82
2013-02-15,90.3
2013-02-14,90.11
2013-02-13,91.59
2013-02-12,92.8
2013-02-11,92.15
2013-02-08,92.24
2013-02-07,93.17
2013-02-06,93.72
2013-02-05,94.23
2013-02-04,94.55
2013-02-01,97.84
2013-01-31,99.55
2013-01-30,98.44
2013-01-29,99.09
2013-01-28,99.87
2013-01-25,99.92
2013-01-24,97.14
2013-01-23,100.1
2013-01-22,101.68
2013-01-21,103.71
2013-01-18,104.87
2013-01-17,105.84
2013-01-16,104.64
2013-01-15,106.67
2013-01-14,107.18
2013-01-11,105.47
2013-01-10,107.92
2013-01-09,107.74
2013-01-08,107.51
2013-01-07,107.55
2013-01-04,107.83
2013-01-03,105.93
2013-01-02,106.03
2013-01-01,105.15
2012-12-31,103.06
2012-12-28,101.95
2012-12-27,100.84
2012-12-26,101.12
2012-12-25,100.38
2012-12-24,100.38
2012-12-21,100.2
2012-12-20,103.85
2012-12-19,102.56
2012-12-18,102.65
2012-12-17,101.82
2012-12-14,101.54
2012-12-13,99.46
2012-12-12,102.88
2012-12-11,102.46
2012-12-10,105.52
2012-12-07,101.26
2012-12-06,101.4
2012-12-05,100.94
2012-12-04,101.03
2012-12-03,100.52
2012-11-30,100.01
2012-11-29,96.63
2012-11-28,94.32
2012-11-27,94.32
2012-11-26,94.74
2012-11-23,94.78
2012-11-22,95.11
2012-11-21,93.67
2012-11-20,92.33
2012-11-19,93.81
2012-11-16,95.48
2012-11-15,98.67
2012-11-14,98.25
2012-11-13,98.25
2012-11-12,98.25
2012-11-09,96.87
2012-11-08,98.81
2012-11-07,95.89
2012-11-06,90.85
2012-11-05,89.56
2012-11-02,88.86
2012-11-01,87.2
2012-10-31,85.9
2012-10-30,85.21
2012-10-29,87.75
2012-10-26,88.4
2012-10-25,90.02
2012-10-24,90.48
2012-10-23,90.48
2012-10-22,90.94
2012-10-19,91.96
2012-10-18,93.4
2012-10-17,90.71
2012-10-16,90.67
2012-10-15,92.66
2012-10-12,91.87
2012-10-11,92.66
2012-10-10,90.9
2012-10-09,92.61
2012-10-08,92.15
2012-10-05,94.37
2012-10-04,96.17
2012-10-03,96.31
2012-10-02,94.51
2012-10-01,94.51
2012-09-28,92.56
2012-09-27,92.01
2012-09-26,90.48
2012-09-25,90.81
2012-09-24,91.27
2012-09-21,91.22
2012-09-20,88.77
2012-09-19,90.81
2012-09-18,90.81
2012-09-17,87.15
2012-09-14,83.45
2012-09-13,81.09
2012-09-12,81.69
2012-09-11,81.14
2012-09-10,81.09
2012-09-07,81.37
2012-09-06,80.26
2012-09-05,79.84
2012-09-04,80.4
2012-09-03,78.5
2012-08-31,77.95
2012-08-30,77.95
2012-08-29,75.95
2012-08-28,76.4
2012-08-27,76.54
2012-08-24,77.72
2012-08-23,78.81
2012-08-22,78.72
2012-08-21,79.76
2012-08-20,78.85
2012-08-17,78.85
2012-08-16,79.13
2012-08-15,78.4
2012-08-14,78.4
2012-08-13,77.26
2012-08-10,76.49
2012-08-09,77.95
2012-08-08,78.63
2012-08-07,79.4
2012-08-06,78.81
2012-08-03,78.85
2012-08-02,79.31
2012-08-01,78.72
2012-07-31,79.95
2012-07-30,80.4
2012-07-27,77.36
2012-07-26,78.85
2012-07-25,79.67
2012-07-24,80.67
2012-07-23,81.81
2012-07-20,84.17
2012-07-19,85.26
2012-07-18,84.45
2012-07-17,84.17
2012-07-16,86.08
2012-07-13,86.22
2012-07-12,86.85
2012-07-11,88.17
2012-07-10,88.94
2012-07-09,86.63
2012-07-06,88.85
2012-07-05,89.54
2012-07-04,87.72
2012-07-03,87.44
2012-07-02,86.49
2012-06-29,84.99
2012-06-28,82.63
2012-06-27,83.81
2012-06-26,82.45
2012-06-25,82.58
2012-06-22,83.13
2012-06-21,83.63
2012-06-20,81.31
2012-06-19,80.58
2012-06-18,79.58
2012-06-15,83.49
2012-06-14,82.17
2012-06-13,84.81
2012-06-12,84.54
2012-06-11,82.4
2012-06-08,82.54
2012-06-07,81.26
2012-06-06,80.85
2012-06-05,77.9
2012-06-04,77.95
2012-06-01,76.17
2012-05-31,77.67
2012-05-30,78.35
2012-05-29,80.76
2012-05-28,81.04
2012-05-25,79.08
2012-05-24,78.85
2012-05-23,77.86
2012-05-22,79.31
2012-05-21,81.35
2012-05-18,80.17
2012-05-17,78.85
2012-05-16,81.22
2012-05-15,83.04
2012-05-14,81.26
2012-05-11,83.63
2012-05-10,83.95
2012-05-09,83.45
2012-05-08,86.35
2012-05-07,88.72
2012-05-04,87.04
2012-05-03,89.35
2012-05-02,92.08
2012-05-01,92.67
2012-04-30,92.54
2012-04-27,91.54
2012-04-26,94.17
2012-04-25,93.54
2012-04-24,96.4
2012-04-23,95.4
2012-04-20,96.35
2012-04-19,97.72
2012-04-18,97.53
2012-04-17,98.99
2012-04-16,98.9
2012-04-13,95.85
2012-04-12,97.85
2012-04-11,96.94
2012-04-10,96.49
2012-04-09,94.67
2012-04-06,96.94
2012-04-05,96.94
2012-04-04,96.94
2012-04-03,96.53
2012-04-02,95.99
2012-03-30,95.17
2012-03-29,91.4
2012-03-28,95.08
2012-03-27,97.22
2012-03-26,95.72
2012-03-23,98.03
2012-03-22,96.08
2012-03-21,100.63
2012-03-20,97.17
2012-03-19,95.08
2012-03-16,97.58
2012-03-15,100.17
2012-03-14,104.85
2012-03-13,103.26
2012-03-12,102.35
2012-03-09,101.35
2012-03-08,99.49
2012-03-07,97.31
2012-03-06,96.49
2012-03-05,97.4
2012-03-02,102.13
2012-03-01,99.49
2012-02-29,98.26
2012-02-28,101.17
2012-02-27,94.72
2012-02-24,99.35
2012-02-23,99.76
2012-02-22,100.22
2012-02-21,107.67
2012-02-20,107.22
2012-02-17,107.22
2012-02-16,105.58
2012-02-15,103.81
2012-02-14,99.08
2012-02-13,96.17
2012-02-10,95.67
2012-02-09,95.67
2012-02-08,94.22
2012-02-07,94.22
2012-02-06,91.68
2012-02-03,89.18
2012-02-02,86.73
2012-02-01,89.22
2012-01-31,90.34
2012-01-30,86.82
2012-01-27,89.62
2012-01-26,90.52
2012-01-25,90.52
2012-01-24,90.2
2012-01-23,86.06
2012-01-20,85.57
2012-01-19,83.03
2012-01-18,81.78
2012-01-17,83.56
2012-01-16,81.73
2012-01-13,81.11
2012-01-12,80.48
2012-01-11,78.16
2012-01-10,77.59
2012-01-09,75.4
2012-01-06,74.2
2012-01-05,74.78
2012-01-04,73.71
2012-01-03,73.35
2012-01-02,70.23
2011-12-30,69.38
2011-12-29,71.65
2011-12-28,72.5
2011-12-27,73.17
2011-12-26,74.46
2011-12-23,73.3
2011-12-22,75
2011-12-21,73.53
2011-12-20,74.11
2011-12-19,78.08
2011-12-16,76.87
2011-12-15,79.06
2011-12-14,78.79
2011-12-13,79.37
2011-12-12,78.92
2011-12-09,82.67
2011-12-08,83.78
2011-12-07,86.86
2011-12-06,87.22
2011-12-05,87.22
2011-12-02,86.86
2011-12-01,83.92
2011-11-30,82.67
2011-11-29,81.64
2011-11-28,84.32
2011-11-25,81.6
2011-11-24,82.89
2011-11-23,80.75
2011-11-22,84.14
2011-11-21,83.87
2011-11-18,86.32
2011-11-17,88.02
2011-11-16,91.81
2011-11-15,90.92
2011-11-14,93.28
2011-11-11,95.42
2011-11-09,98.72
2011-11-08,101.98
2011-11-04,102.87
2011-11-03,101.44
2011-11-02,102.11
2011-11-01,101.57
2011-10-31,104.16
2011-10-28,101.44
2011-10-26,95.47
2011-10-25,95.15
2011-10-24,92.12
2011-10-21,92.75
2011-10-20,93.46
2011-10-19,95.42
2011-10-18,92.39
2011-10-17,94.08
2011-10-14,94.53
2011-10-13,93.15
2011-10-12,93.68
2011-10-11,90.07
2011-10-10,90.56
2011-10-07,88.2
2011-10-05,84.81
2011-10-04,86.9
2011-10-03,90.29
2011-09-30,91.63
2011-09-29,92.57
2011-09-28,93.19
2011-09-27,95.02
2011-09-26,92.48
2011-09-23,92.08
2011-09-22,93.5
2011-09-21,97.25
2011-09-20,97.03
2011-09-19,95.42
2011-09-16,95.96
2011-09-15,97.12
2011-09-14,94.48
2011-09-13,93.64
2011-09-12,94.17
2011-09-09,97.69
2011-09-08,100.24
2011-09-07,98.1
2011-09-06,95.69
2011-09-05,94.89
2011-09-02,94.48
2011-08-30,95.87
2011-08-29,93.15
2011-08-26,89.61
2011-08-25,93.32
2011-08-24,93.28
2011-08-23,94.7
2011-08-22,93.58
2011-08-19,91.89
2011-08-18,92.02
2011-08-17,96.9
2011-08-16,100.49
2011-08-12,102.3
2011-08-11,104.07
2011-08-10,103.86
2011-08-09,102.21
2011-08-08,102.95
2011-08-05,103.38
2011-08-04,106.14
2011-08-03,107.57
2011-08-02,108
2011-08-01,110.98
2011-07-29,111.11
2011-07-28,112.19
2011-07-27,114.69
2011-07-26,113.53
2011-07-25,117.16
2011-07-22,116.68
2011-07-21,114.87
2011-07-20,116.08
2011-07-19,118.37
2011-07-18,117.46
2011-07-15,116.38
2011-07-14,116.9
2011-07-13,116.38
2011-07-12,115.34
2011-07-11,115.73
2011-07-08,117.59
2011-07-07,117.98
2011-07-06,115.3
2011-07-05,115.9
2011-07-04,118.41
2011-07-01,116.81
2011-06-30,117.5
2011-06-29,114.13
2011-06-28,113.74
2011-06-27,114.65
2011-06-24,112.36
2011-06-23,109.38
2011-06-22,108.26
2011-06-21,107.87
2011-06-20,108.99
2011-06-17,111.15
2011-06-16,111.5
2011-06-15,111.37
2011-06-14,113.49
2011-06-13,113.53
2011-06-10,113.4
2011-06-09,113.74
2011-06-08,113.79
2011-06-07,113.87
2011-06-06,113.27
2011-06-03,112.02
2011-06-02,114.18
2011-06-01,115.99
2011-05-31,115.95
2011-05-30,113.7
2011-05-27,112.06
2011-05-26,109.38
2011-05-25,110.94
2011-05-24,111.8
2011-05-23,111.63
2011-05-20,115.3
2011-05-19,113.66
2011-05-18,114
2011-05-17,114.44
2011-05-16,116.42
2011-05-13,118.97
2011-05-12,116.08
2011-05-11,118.15
2011-05-10,117.03
2011-05-09,117.33
2011-05-06,117.93
2011-05-05,114.13
2011-05-04,117.24
2011-05-03,117.8
2011-05-02,120.91
2011-04-29,123.98
2011-04-28,127.04
2011-04-27,130.37
2011-04-26,130.37
2011-04-25,131.54
2011-04-21,129.68
2011-04-20,129.42
2011-04-19,129.16
2011-04-18,125.53
2011-04-15,127.3
2011-04-13,127.78
2011-04-11,124.97
2011-04-08,125.32
2011-04-07,129.85
2011-04-06,129.94
2011-04-05,129.77
2011-04-04,128.6
2011-04-01,125.36
2011-03-31,123.03
2011-03-30,125.92
2011-03-29,123.46
2011-03-28,125.92
2011-03-25,120.65
2011-03-24,119.01
2011-03-23,116.34
2011-03-22,115.13
2011-03-21,114.65
2011-03-18,114.95
2011-03-17,117.46
2011-03-16,118.02
2011-03-15,116.64
2011-03-14,117.5
2011-03-11,116.42
2011-03-10,118.54
2011-03-09,119.23
2011-03-08,119.23
2011-03-07,117.5
2011-03-04,120.57
2011-03-03,119.49
2011-03-01,118.45
2011-02-28,113.44
2011-02-25,112.23
2011-02-24,109.56
2011-02-23,115.69
2011-02-22,115.39
2011-02-21,115.99
2011-02-18,115.08
2011-02-17,120.27
2011-02-16,118.15
2011-02-15,118.37
2011-02-14,118.45
2011-02-11,114.95
2011-02-10,110.98
2011-02-09,108.99
2011-02-08,111.33
2011-02-07,115.13
2011-02-04,117.72
2011-02-03,120.78
2011-02-02,118.54
2011-02-01,119.27
2011-01-31,122.12
2011-01-28,122.12
2011-01-27,123.12
2011-01-25,131.88
2011-01-24,131.88
2011-01-21,130.41
2011-01-20,129.38
2011-01-19,124.97
2011-01-18,124.28
2011-01-17,121.82
2011-01-14,126.48
2011-01-13,127.95
2011-01-12,131.32
2011-01-11,127.65
2011-01-10,128.9
2011-01-07,131.75
2011-01-06,135.38
2011-01-05,136.8
2011-01-04,140.6
2011-01-03,143.37
2010-12-31,142.29
2010-12-30,138.36
2010-12-29,138.36
2010-12-28,137.41
2010-12-27,141.86
2010-12-24,141.86
2010-12-23,142.25
2010-12-22,143.89
2010-12-21,143.45
2010-12-20,139.78
2010-12-16,139.14
2010-12-15,134.34
2010-12-14,140.13
2010-12-13,137.37
2010-12-10,133.44
2010-12-09,128.17
2010-12-08,134.47
2010-12-07,139.74
2010-12-06,144.88
2010-12-03,145.4
2010-12-02,148.42
2010-12-01,146.56
2010-11-30,141.08
2010-11-29,137.54
2010-11-26,136.07
2010-11-25,143.33
2010-11-24,148.59
2010-11-23,151.53
2010-11-22,155.93
2010-11-19,154.94
2010-11-18,162.46
2010-11-16,161.07
2010-11-15,166.95
2010-11-12,160.99
2010-11-11,167.51
2010-11-10,166.99
2010-11-09,166.99
2010-11-08,168.54
2010-11-05,169.23
2010-11-04,166.51
2010-11-03,158.22
2010-11-02,156.75
2010-11-01,156.8
2010-10-29,156.02
2010-10-28,155.85
2010-10-27,153.04
2010-10-26,147.86
2010-10-25,146.22
2010-10-22,147.77
2010-10-21,146.52
2010-10-20,143.54
2010-10-19,137.32
2010-10-18,136.67
2010-10-15,138.23
2010-10-14,138.1
2010-10-13,140.13
2010-10-12,134.56
2010-10-11,136.72
2010-10-08,135.51
2010-10-07,135.29
2010-10-06,139.18
2010-10-05,139.7
2010-10-04,138.79
2010-10-01,136.89
2010-09-30,131.62
2010-09-29,131.41
2010-09-28,132.18
2010-09-27,132.49
2010-09-24,132.01
2010-09-23,127.17
2010-09-22,126.53
2010-09-21,121.99
2010-09-20,124.24
2010-09-17,122.55
2010-09-16,120.78
2010-09-15,123.16
2010-09-14,119.32
2010-09-13,121.17
2010-09-09,120.65
2010-09-08,115.64
2010-09-07,109.81
2010-09-06,111.84
2010-09-03,110.72
2010-09-02,111.02
2010-09-01,107.31
2010-08-31,104.89
2010-08-30,104.85
2010-08-27,105.06
2010-08-26,108.22
2010-08-25,108.61
2010-08-24,110.46
2010-08-23,113.83
2010-08-20,113.87
2010-08-19,113.18
2010-08-18,113.92
2010-08-17,111.37
2010-08-16,107.01
2010-08-13,104.29
2010-08-12,103.34
2010-08-11,102.39
2010-08-10,103.12
2010-08-09,104.5
2010-08-06,102.78
2010-08-05,104.24
2010-08-04,105.11
2010-08-03,105.76
2010-08-02,103.94
2010-07-30,102.82
2010-07-29,102.3
2010-07-28,101.18
2010-07-27,102.91
2010-07-26,102.91
2010-07-23,104.94
2010-07-22,105.58
2010-07-21,105.67
2010-07-20,105.32
2010-07-19,105.97
2010-07-16,105.5
2010-07-15,104.76
2010-07-14,103.92
2010-07-13,105.94
2010-07-12,105.02
2010-07-09,103.96
2010-07-08,103.67
2010-07-07,100.25
2010-07-06,101.01
2010-07-05,99.41
2010-07-02,100.72
2010-07-01,99.75
2010-06-30,100.42
2010-06-29,98.9
2010-06-28,100.76
2010-06-25,99.24
2010-06-24,99.87
2010-06-23,100.17
2010-06-22,100.08
2010-06-21,100.21
2010-06-18,98.23
2010-06-17,98.23
2010-06-16,98.4
2010-06-15,98.78
2010-06-14,99.24
2010-06-11,94.69
2010-06-10,95.2
2010-06-09,93.72
2010-06-08,92.92
2010-06-07,94.31
2010-06-04,96.84
2010-06-03,95.15
2010-06-02,93.43
2010-06-01,92.79
2010-05-31,95.83
2010-05-28,93.97
2010-05-27,92.46
2010-05-26,90.65
2010-05-25,90.18
2010-05-24,93.72
2010-05-21,93.89
2010-05-20,94.14
2010-05-19,94.02
2010-05-18,97.94
2010-05-17,97.89
2010-05-14,98.1
2010-05-13,99.2
2010-05-12,99.33
2010-05-11,99.49
2010-05-10,102.15
2010-05-07,99.16
2010-05-06,103.62
2010-05-05,104.76
2010-05-04,101.81
2010-05-03,105.77
2010-04-30,106.15
2010-04-29,103.37
2010-04-28,100.67
2010-04-27,103.41
2010-04-26,105.14
2010-04-23,105.52
2010-04-22,102.15
2010-04-21,102.36
2010-04-20,102.28
2010-04-19,99.54
2010-04-16,100.72
2010-04-15,100.97
2010-04-13,101.77
2010-04-12,103.2
2010-04-09,104.64
2010-04-08,103.75
2010-04-07,106.57
2010-04-06,104.59
2010-04-05,101.1
2010-04-01,97.6
2010-03-31,96.92
2010-03-30,97.6
2010-03-29,97.72
2010-03-26,96.25
2010-03-25,95.49
2010-03-23,96.92
2010-03-22,97.05
2010-03-19,99.49
2010-03-18,99.54
2010-03-17,99.28
2010-03-16,99.79
2010-03-15,98.4
2010-03-12,100.59
2010-03-11,100.63
2010-03-10,102.07
2010-03-09,101.39
2010-03-08,103.75
2010-03-05,105.1
2010-03-04,104.97
2010-03-03,104.93
2010-03-02,102.23
2010-02-26,100.25
2010-02-25,97.72
2010-02-24,97.89
2010-02-23,97.89
2010-02-22,97.85
2010-02-19,98.95
2010-02-18,99.71
2010-02-17,100.13
2010-02-16,99.2
2010-02-15,98.06
2010-02-11,98.95
2010-02-10,98.02
2010-02-09,99.58
2010-02-08,98.86
2010-02-05,97.09
2010-02-04,98.82
2010-02-03,101.14
2010-02-02,98.53
2010-02-01,101.1
2010-01-29,102.07
2010-01-28,96.38
2010-01-27,96.08
2010-01-26,101.64
2010-01-25,101.64
2010-01-22,102.32
2010-01-21,105.18
2010-01-20,108.47
2010-01-19,111.08
2010-01-18,112.94
2010-01-15,112.05
2010-01-14,111.25
2010-01-13,111.55
2010-01-12,112.6
2010-01-11,113.15
2010-01-08,111.04
2010-01-07,112.18
2010-01-06,113.78
2010-01-05,112.64
2010-01-04,109.1
2010-01-01,107.42
2009-12-31,107.42
2009-12-30,107.33
2009-12-29,108.85
2009-12-28,108.89
2009-12-25,108.89
2009-12-24,108.89
2009-12-23,108.98
2009-12-22,105.1
2009-12-21,101.85
2009-12-18,104.21
2009-12-17,107.67
2009-12-16,106.7
2009-12-15,104.85
2009-12-14,108.68
2009-12-11,111.72
2009-12-10,115.55
2009-12-09,114.08
2009-12-08,115.85
2009-12-07,110.16
2009-12-04,110.37
2009-12-03,112.14
2009-12-02,111.21
2009-12-01,105.44
2009-11-30,102.66
2009-11-27,101.14
2009-11-26,102.23
2009-11-25,105.65
2009-11-24,106.28
2009-11-23,106.83
2009-11-20,107.67
2009-11-19,104.43
2009-11-18,107.16
2009-11-17,107.38
2009-11-16,108.47
2009-11-13,108.43
2009-11-12,106.03
2009-11-11,105.35
2009-11-10,102.78
2009-11-09,104.38
2009-11-06,100.25
2009-11-05,98.69
2009-11-04,94.02
2009-11-03,90.35
2009-11-02,95.79
2009-10-30,95.79
2009-10-29,98.9
2009-10-28,98.99
2009-10-27,102.78
2009-10-26,111.38
2009-10-23,107.84
2009-10-22,105.9
2009-10-21,108.43
2009-10-20,112.22
2009-10-19,112.35
2009-10-16,112.35
2009-10-15,109.31
2009-10-14,111.29
2009-10-13,110.87
2009-10-12,110.87
2009-10-09,109.74
2009-10-08,106.28
2009-10-07,106.24
2009-10-06,103.41
2009-10-05,104.17
2009-10-02,105.35
2009-10-01,105.35
2009-09-30,107.21
2009-09-29,104.43
2009-09-28,105.18
2009-09-25,105.18
2009-09-24,97.51
2009-09-23,95.62
2009-09-22,97.05
2009-09-21,95.79
2009-09-18,95.79
2009-09-17,98.15
2009-09-16,95.49
2009-09-15,95.15
2009-09-14,89.04
2009-09-11,88.24
2009-09-10,87.86
2009-09-09,89.72
2009-09-08,88.79
2009-09-07,90.94
2009-09-04,89.76
2009-09-03,85.71
2009-09-02,85.5
2009-09-01,85.08
2009-08-31,87.53
2009-08-28,86.14
2009-08-27,83.69
2009-08-26,82.39
2009-08-25,82.22
2009-08-24,82.6
2009-08-21,80.99
2009-08-20,80.62
2009-08-19,80.7
2009-08-18,82.39
2009-08-17,80.32
2009-08-14,85.04
2009-08-13,85.42
2009-08-12,80.99
2009-08-11,80.53
2009-08-10,78.97
2009-08-07,80.99
2009-08-06,86.52
2009-08-05,89.68
2009-08-04,89.38
2009-08-03,91.28
2009-07-31,89.09
2009-07-30,88.24
2009-07-29,88.79
2009-07-28,89.55
2009-07-27,87.57
2009-07-24,87.11
2009-07-23,87.36
2009-07-22,84.87
2009-07-21,86.18
2009-07-20,87.32
2009-07-17,83.31
2009-07-16,80.45
2009-07-15,84.2
2009-07-14,79.73
2009-07-13,73.75
2009-07-10,75.01
2009-07-09,77.71
2009-07-08,77.46
2009-07-07,81.84
2009-07-06,83.28
2009-07-03,92.14
2009-07-02,90.34
2009-07-01,90.09
2009-06-30,90.17
2009-06-29,95.88
2009-06-26,94.73
2009-06-25,92.31
2009-06-24,93.5
2009-06-23,89.72
2009-06-22,86.44
2009-06-19,88.33
2009-06-18,86.93
2009-06-17,83.98
2009-06-16,91.28
2009-06-15,82.87
2009-06-12,81.76
2009-06-11,86.15
2009-06-10,84.55
2009-06-09,86.03
2009-06-08,73.72
2009-06-05,81.6
2009-06-04,81.35
2009-06-03,74.09
2009-06-02,74.71
2009-06-01,76.31
2009-05-29,76.47
2009-05-28,76.84
2009-05-27,74.17
2009-05-26,71.55
2009-05-25,74.91
2009-05-22,73.64
2009-05-21,70.4
2009-05-20,72.86
2009-05-19,69.09
2009-05-18,51.45
2009-05-15,51.45
2009-05-14,50.46
2009-05-13,50.34
2009-05-12,50.09
2009-05-11,50.58
2009-05-08,53.05
2009-05-07,55.06
2009-05-06,53.87
2009-05-05,56.33
2009-05-04,53.46
2009-05-01,52.18
2009-04-30,52.18
2009-04-29,52.18
2009-04-28,49.64
2009-04-27,52.68
2009-04-24,55.34
2009-04-23,48.94
2009-04-22,47.63
2009-04-21,49.6
2009-04-20,50.09
2009-04-17,50.58
2009-04-16,48.29
2009-04-15,50.3
2009-04-14,46.6
2009-04-13,46.6
2009-04-10,44.64
2009-04-09,44.64
2009-04-08,43.9
2009-04-07,42.13
2009-04-06,42.13
2009-04-02,40.7
2009-04-01,38.11
2009-03-31,37.25
2009-03-30,37.95
2009-03-27,40.04
2009-03-26,38.73
2009-03-25,37.99
2009-03-24,37.29
2009-03-23,37.87
2009-03-20,37.09
2009-03-19,36.76
2009-03-18,37.09
2009-03-17,36.55
2009-03-16,37.41
2009-03-13,35.16
2009-03-12,33.03
2009-03-09,34.3
2009-03-06,35.24
2009-03-05,36.14
2009-03-04,37.25
2009-03-03,37.21
2009-03-02,37.54
2009-02-27,39.67
2009-02-26,38.85
2009-02-25,40.45
2009-02-24,40.41
2009-02-20,40.82
2009-02-19,41.6
2009-02-18,41.76
2009-02-17,42.34
2009-02-16,43.4
2009-02-13,45.78
2009-02-12,45.33
2009-02-11,46.4
2009-02-10,46.19
2009-02-09,45.17
2009-02-06,44.72
2009-02-05,44.39
2009-02-04,44.35
2009-02-03,44.72
2009-02-02,45.29
2009-01-30,46.85
2009-01-29,46.48
2009-01-28,46.24
2009-01-27,45.5
2009-01-23,43.98
2009-01-22,45.46
2009-01-21,46.11
2009-01-20,47.92
2009-01-19,49.52
2009-01-16,49.23
2009-01-15,48.57
2009-01-14,50.75
2009-01-13,50.38
2009-01-12,50.42
2009-01-09,52.96
2009-01-08,54.23
2009-01-07,54.23
2009-01-06,58.54
2009-01-05,59.53
2009-01-02,59.24
2009-01-01,57.11
2008-12-31,55.51
2008-12-30,56.94
2008-12-29,55.26
2008-12-26,52.27
2008-12-25,53.87
2008-12-24,53.87
2008-12-23,52.59
2008-12-22,56.37
2008-12-19,57.39
2008-12-18,55.3
2008-12-17,52.14
2008-12-16,56.2
2008-12-15,54.15
2008-12-12,54.07
2008-12-11,51.86
2008-12-10,50.17
2008-12-08,48.45
2008-12-05,48.33
2008-12-04,49.07
2008-12-03,46.52
2008-12-02,45.5
2008-12-01,45.7
2008-11-28,47.55
2008-11-26,49.27
2008-11-25,49.19
2008-11-24,48.61
2008-11-21,51.16
2008-11-20,51.45
2008-11-19,50.91
2008-11-18,53.66
2008-11-17,53.91
2008-11-14,54.65
2008-11-12,53.7
2008-11-11,55.1
2008-11-10,56.45
2008-11-07,53.41
2008-11-06,50.99
2008-11-05,53.74
2008-11-04,54.89
2008-11-03,50.99
2008-10-31,47.88
2008-10-29,45.78
2008-10-28,48.74
2008-10-27,45.37
2008-10-24,49.39
2008-10-23,56.04
2008-10-22,58.05
2008-10-21,60.1
2008-10-20,59.36
2008-10-17,59.61
2008-10-16,62.03
2008-10-15,59.4
2008-10-14,62.32
2008-10-13,61.87
2008-10-10,53.29
2008-10-08,56.86
2008-10-07,61.25
2008-10-06,59.98
2008-10-03,62.73
2008-10-01,63.06
2008-09-30,61.05
2008-09-29,58.54
2008-09-26,61.74
2008-09-25,65.76
2008-09-24,66.5
2008-09-23,64.41
2008-09-22,67.44
2008-09-19,67.98
2008-09-18,64.86
2008-09-17,66.01
2008-09-16,68.84
2008-09-15,66.34
2008-09-12,71.75
2008-09-11,73.02
2008-09-10,73.35
2008-09-09,73.23
2008-09-08,74.46
2008-09-05,72.78
2008-09-04,71.71
2008-09-02,71.38
2008-09-01,68.63
2008-08-29,68.72
2008-08-28,65.56
2008-08-27,65.8
2008-08-26,67.36
2008-08-25,66.79
2008-08-22,65.56
2008-08-21,64.04
2008-08-20,66.62
2008-08-19,64.98
2008-08-18,66.26
2008-08-14,66.58
2008-08-13,69.87
2008-08-12,72.2
2008-08-11,76.55
2008-08-08,76.06
2008-08-07,75.44
2008-08-06,75.77
2008-08-05,72.94
2008-08-04,66.87
2008-08-01,64.74
2008-07-31,61.5
2008-07-30,62.52
2008-07-29,60.76
2008-07-28,63.26
2008-07-25,63.18
2008-07-24,63.71
2008-07-23,64.57
2008-07-22,57.43
2008-07-21,56.12
2008-07-18,54.81
2008-07-17,53
2008-07-16,51.81
2008-07-15,52.39
2008-07-14,54.14
2008-07-11,53.46
2008-07-10,54.54
2008-07-09,55.37
2008-07-08,52.99
2008-07-07,53.26
2008-07-04,52.15
2008-07-03,50.12
2008-07-02,50.24
2008-07-01,48.21
2008-06-30,51.31
2008-06-27,53.7
2008-06-26,55.53
2008-06-25,56.53
2008-06-24,56.09
2008-06-23,57.84
2008-06-20,60.11
2008-06-19,62.69
2008-06-18,64.32
2008-06-17,65.16
2008-06-16,61.66
2008-06-13,61.54
2008-06-12,62.85
2008-06-11,61.18
2008-06-10,61.02
2008-06-09,60.58
2008-06-06,63.49
2008-06-05,64.6
2008-06-04,64.16
2008-06-03,66.11
2008-06-02,67.66
2008-05-30,69.45
2008-05-29,69.97
2008-05-28,70.45
2008-05-27,69.26
2008-05-26,73.03
2008-05-23,75.66
2008-05-22,77.37
2008-05-21,79.88
2008-05-20,79.12
2008-05-16,79.88
2008-05-15,79.88
2008-05-14,78.25
2008-05-13,78.32
2008-05-12,79.32
2008-05-09,81.31
2008-05-08,83.58
2008-05-07,82.62
2008-05-06,84.29
2008-05-05,85.72
2008-05-02,85.05
2008-04-30,83.26
2008-04-29,84.25
2008-04-28,83.3
2008-04-25,82.66
2008-04-24,81.23
2008-04-23,83.34
2008-04-22,83.69
2008-04-21,80.15
2008-04-17,79.48
2008-04-16,75.22
2008-04-15,77.09
2008-04-11,74.78
2008-04-10,73.63
2008-04-09,75.02
2008-04-08,71.08
2008-04-07,70.17
2008-04-04,68.74
2008-04-03,71.64
2008-04-02,71.05
2008-04-01,69.81
2008-03-31,70.85
2008-03-28,70.97
2008-03-27,68.3
2008-03-26,70.73
2008-03-25,71.05
2008-03-24,67.5
2008-03-19,67.74
2008-03-18,71.05
2008-03-17,72.32
2008-03-14,77.37
2008-03-13,77.05
2008-03-12,77.09
2008-03-11,80.59
2008-03-10,76.65
2008-03-07,74.82
2008-03-05,81.23
2008-03-04,81.94
2008-03-03,87.27
2008-02-29,94.24
2008-02-28,92.65
2008-02-27,94.08
2008-02-26,92.88
2008-02-25,91.49
2008-02-22,89.66
2008-02-21,90.22
2008-02-20,91.49
2008-02-19,93.12
2008-02-18,94.67
2008-02-15,95.67
2008-02-14,89.34
2008-02-13,84.61
2008-02-12,81.55
2008-02-11,85.05
2008-02-08,91.65
2008-02-07,94.32
2008-02-06,96.5
2008-02-05,98.02
2008-02-04,95.83
2008-02-01,90.97
2008-01-31,90.3
2008-01-30,91.89
2008-01-29,98.41
2008-01-28,100.52
2008-01-25,97.02
2008-01-24,87.99
2008-01-23,94.16
2008-01-22,81.03
2008-01-21,93.84
2008-01-18,117.75
2008-01-17,131.15
2008-01-16,137
2008-01-15,131.67
2008-01-14,130.91
2008-01-11,129.12
2008-01-10,129.8
2008-01-09,133.34
2008-01-08,133.78
2008-01-07,139.15
2008-01-04,139.54
2008-01-03,138.07
2008-01-02,138.51
2008-01-01,133.46
2007-12-31,131.51
2007-12-28,130.12
2007-12-27,127.17
2007-12-26,129.96
2007-12-24,128.84
2007-12-20,125.58
2007-12-19,128.05
2007-12-18,127.97
2007-12-17,129.32
2007-12-14,138.59
2007-12-13,138.79
2007-12-12,135.41
2007-12-11,135.69
2007-12-10,135.41
2007-12-07,133.74
2007-12-06,135.57
2007-12-05,138.79
2007-12-04,134.77
2007-12-03,133.38
2007-11-30,129.56
2007-11-29,125.86
2007-11-28,129.08
2007-11-27,134.81
2007-11-26,129.08
2007-11-23,126.89
2007-11-22,123.27
2007-11-21,123.59
2007-11-20,135.37
2007-11-19,141.37
2007-11-16,133.18
2007-11-15,134.02
2007-11-14,133.02
2007-11-13,129.72
2007-11-12,121.64
2007-11-09,119.97
2007-11-08,121.37
2007-11-07,121.84
2007-11-06,122.08
2007-11-05,125.78
2007-11-02,126.46
2007-11-01,121.64
2007-10-31,127.61
2007-10-30,120.93
2007-10-29,117.03
2007-10-26,115.88
2007-10-25,116.35
2007-10-24,115.44
2007-10-23,109.99
2007-10-22,99.17
2007-10-19,94.91
2007-10-18,100.2
2007-10-17,108.76
2007-10-16,112.73
2007-10-15,117.55
2007-10-12,115.2
2007-10-11,122.36
2007-10-10,115.92
2007-10-09,111.94
2007-10-08,106.17
2007-10-05,112.53
2007-10-04,119.58
2007-10-03,121.41
2007-10-01,125.1
2007-09-28,124.27
2007-09-27,121.13
2007-09-26,122.6
2007-09-25,123.91
2007-09-24,123.35
2007-09-21,116.11
2007-09-20,112.85
2007-09-19,110.39
2007-09-18,107.64
2007-09-17,105.89
2007-09-14,104.02
2007-09-13,106.93
2007-09-12,107.52
2007-09-11,109.31
2007-09-10,109.23
2007-09-07,106.05
2007-09-06,108.95
2007-09-05,106.45
2007-09-04,103.66
2007-09-03,104.3
2007-08-31,98.93
2007-08-30,94.67
2007-08-29,92.8
2007-08-28,93.16
2007-08-27,92.88
2007-08-24,88.59
2007-08-23,85.48
2007-08-22,90.18
2007-08-21,88.79
2007-08-20,95.07
2007-08-17,92.53
2007-08-16,93.72
2007-08-14,98.89
2007-08-13,99.53
2007-08-10,92.41
2007-08-09,92.05
2007-08-08,96.19
2007-08-07,89.34
2007-08-06,85.09
2007-08-03,86.36
2007-08-02,84.21
2007-08-01,83.73
2007-07-31,89.26
2007-07-30,88.39
2007-07-27,86.68
2007-07-26,90.26
2007-07-25,88.39
2007-07-24,86.52
2007-07-23,86.96
2007-07-20,87.39
2007-07-19,89.14
2007-07-18,91.97
2007-07-17,94.95
2007-07-16,97.06
2007-07-13,95.87
2007-07-12,96.82
2007-07-11,93.2
2007-07-10,93.08
2007-07-09,94.71
2007-07-06,92.53
2007-07-05,94.12
2007-07-04,93.84
2007-07-03,96.23
2007-07-02,96.58
2007-06-29,94.4
2007-06-28,89.62
2007-06-27,89.07
2007-06-26,87.55
2007-06-25,87.16
2007-06-22,85.52
2007-06-21,82.98
2007-06-20,84.05
2007-06-19,80
2007-06-18,77.01
2007-06-15,78.44
2007-06-14,78.44
2007-06-13,77.65
2007-06-12,76.81
2007-06-11,78.92
2007-06-08,80
2007-06-07,80.55
2007-06-06,80.11
2007-06-05,82.82
2007-06-04,78.44
2007-05-31,75.58
2007-05-30,73.63
2007-05-29,76.89
2007-05-28,76.38
2007-05-25,77.13
2007-05-24,76.97
2007-05-23,79.8
2007-05-22,81.79
2007-05-21,82.82
2007-05-18,82.54
2007-05-17,81.98
2007-05-16,79.44
2007-05-15,78.28
2007-05-14,78.88
2007-05-11,75.22
2007-05-10,73.19
2007-05-09,73.27
2007-05-08,69.97
2007-05-07,72.8
2007-05-04,72.04
2007-05-03,72
2007-04-30,67.23
2007-04-27,67.07
2007-04-26,69.18
2007-04-25,70.29
2007-04-24,68.94
2007-04-23,66.27
2007-04-20,67.98
2007-04-19,66.67
2007-04-18,66.19
2007-04-17,65.71
2007-04-16,65.68
2007-04-13,63.57
2007-04-12,62.65
2007-04-11,62.49
2007-04-10,62.81
2007-04-09,61.26
2007-04-05,58.95
2007-04-04,57.8
2007-04-03,57.4
2007-04-02,57
2007-03-30,61.7
2007-03-29,60.03
2007-03-28,61.62
2007-03-26,63.88
2007-03-23,64.64
2007-03-22,63.77
2007-03-21,62.25
2007-03-20,61.3
2007-03-19,59.71
2007-03-16,58.4
2007-03-15,58.83
2007-03-14,59.35
2007-03-13,62.02
2007-03-12,60.34
2007-03-09,59.47
2007-03-08,57.72
2007-03-07,53.82
2007-03-06,57.24
2007-03-05,56.45
2007-03-02,63.37
2007-03-01,65
2007-02-28,64.08
2007-02-27,68.74
2007-02-26,68.58
2007-02-23,68.94
2007-02-22,72.91
2007-02-21,74.98
2007-02-20,74.55
2007-02-19,75.98
2007-02-15,77.93
2007-02-14,73.11
2007-02-13,70.53
2007-02-12,68.98
2007-02-09,77.73
2007-02-08,85.09
2007-02-07,84.25
2007-02-06,85.6
2007-02-05,85.64
2007-02-02,80.11
2007-02-01,80.71
2007-01-31,80.67
2007-01-29,81.83
2007-01-25,75.82
2007-01-24,73.51
2007-01-23,72.16
2007-01-22,74.7
2007-01-19,77.77
2007-01-18,77.77
2007-01-17,75.74
2007-01-16,74.35
2007-01-15,71.28
2007-01-12,68.54
2007-01-11,68.78
2007-01-10,61.74
2007-01-09,59.99
2007-01-08,60.98
2007-01-05,61.22
2007-01-04,62.45
2007-01-03,61.86
2007-01-02,60.54
2006-12-29,60.7
2006-12-28,59.75
2006-12-27,60.11
2006-12-26,59.43
2006-12-22,58.91
2006-12-21,57.64
2006-12-20,57.72
2006-12-19,58
2006-12-18,60.15
2006-12-15,60.58
2006-12-14,59.79
2006-12-13,58.2
2006-12-12,58
2006-12-11,62.21
2006-12-08,67.35
2006-12-07,66.43
2006-12-06,65.68
2006-12-05,63.01
2006-12-04,62.89
2006-12-01,58.99
2006-11-30,58.75
2006-11-29,59.99
2006-11-28,60.78
2006-11-27,62.06
2006-11-24,61.9
2006-11-23,62.21
2006-11-22,61.7
2006-11-21,62.25
2006-11-20,60.78
2006-11-17,62.65
2006-11-16,63.92
2006-11-15,63.88
2006-11-14,62.09
2006-11-13,63.21
2006-11-10,63.61
2006-11-09,62.09
2006-11-08,62.02
2006-11-07,62.97
2006-11-06,63.88
2006-11-03,64.96
2006-11-02,65.68
2006-11-01,65.56
2006-10-31,65.36
2006-10-30,67.7
2006-10-27,69.22
2006-10-26,65.56
2006-10-23,64.64
2006-10-20,63.85
2006-10-19,62.37
2006-10-18,63.92
2006-10-17,64.28
2006-10-16,65.64
2006-10-13,65.36
2006-10-12,65.4
2006-10-11,64.72
2006-10-10,66.31
2006-10-09,66.99
2006-10-06,67.03
2006-10-05,67.15
2006-10-04,66.27
2006-10-03,67.11
2006-09-29,65.75
2006-09-28,65.79
2006-09-27,63.33
2006-09-26,58.59
2006-09-25,58.44
2006-09-22,58.16
2006-09-21,59.83
2006-09-20,58.79
2006-09-19,56.45
2006-09-18,56.65
2006-09-15,55.73
2006-09-14,54.62
2006-09-13,56.68
2006-09-12,49.52
2006-09-11,49.45
2006-09-08,52.31
2006-09-07,52.15
2006-09-06,53.5
2006-09-05,53.07
2006-09-04,52.51
2006-09-01,52.31
2006-08-31,51.83
2006-08-30,52.55
2006-08-29,50.64
2006-08-28,49.52
2006-08-25,49.17
2006-08-24,48.33
2006-08-23,48.21
2006-08-22,50.04
2006-08-21,49.8
2006-08-18,49.76
2006-08-17,50.04
2006-08-16,50.52
2006-08-14,49.45
2006-08-11,49.13
2006-08-10,47.93
2006-08-09,45.51
2006-08-08,44.55
2006-08-07,43.64
2006-08-04,44.04
2006-08-03,45.47
2006-08-02,45.27
2006-08-01,45.03
2006-07-31,45.59
2006-07-28,44.47
2006-07-27,43.88
2006-07-26,42.92
2006-07-25,42.56
2006-07-24,41.85
2006-07-21,40.93
2006-07-20,41.37
2006-07-19,39.14
2006-07-18,39.62
2006-07-17,39.9
2006-07-14,41.73
2006-07-13,42.44
2006-07-12,43.36
2006-07-11,43.76
2006-07-10,43
2006-07-07,43.92
2006-07-06,45.47
2006-07-05,46.62
2006-07-04,46.5
2006-07-03,45.35
2006-06-30,45.94
2006-06-29,42.92
2006-06-28,43.72
2006-06-27,43.04
2006-06-26,43.88
2006-06-23,47.06
2006-06-22,48.17
2006-06-21,46.14
2006-06-20,46.3
2006-06-19,46.22
2006-06-14,40.3
2006-06-13,39.7
2006-06-12,44.04
2006-06-09,45.27
2006-06-08,39.74
2006-06-07,45.47
2006-06-06,51.24
2006-06-05,53.74
2006-06-02,53.74
2006-06-01,53.62
2006-05-31,55.93
2006-05-30,57.96
2006-05-29,59.11
2006-05-26,60.23
2006-05-25,58.55
2006-05-24,58.71
2006-05-23,57.96
2006-05-22,54.82
2006-05-19,60.78
2006-05-18,64
2006-05-17,69.77
2006-05-16,67.23
2006-05-15,67.62
2006-05-12,71.08
2006-05-11,73.99
2006-05-10,76.1
2006-05-09,73.47
2006-05-08,74.82
2006-05-05,75.22
2006-05-04,72.84
2006-05-03,72.36
2006-05-02,70.65
2006-04-28,66.91
2006-04-27,67.74
2006-04-26,69.14
2006-04-25,68.1
2006-04-24,70.77
2006-04-21,71.48
2006-04-20,67.62
2006-04-19,66.71
2006-04-18,67.74
2006-04-17,66.43
2006-04-13,65.75
2006-04-12,67.66
2006-04-10,67.98
2006-04-07,68.38
2006-04-05,67.74
2006-04-04,66.43
2006-04-03,63.53
2006-03-31,62.29
2006-03-30,60.54
2006-03-29,61.18
2006-03-28,60.19
2006-03-27,61.66
2006-03-24,62.37
2006-03-23,63.29
2006-03-22,63.85
2006-03-21,65.24
2006-03-20,65.75
2006-03-17,65.95
2006-03-16,66.91
2006-03-14,67.78
2006-03-13,67.15
2006-03-10,66.59
2006-03-09,66.23
2006-03-08,66.07
2006-03-07,68.7
2006-03-06,65.4
2006-03-03,65.24
2006-03-02,65.79
2006-03-01,66.03
2006-02-28,66.63
2006-02-27,68.54
2006-02-24,68.3
2006-02-23,65.87
2006-02-22,67.86
2006-02-21,68.7
2006-02-20,68.42
2006-02-17,69.33
2006-02-16,70.45
2006-02-15,70.85
2006-02-14,69.73
2006-02-13,69.45
2006-02-10,70.45
2006-02-08,70.05
2006-02-07,70.41
2006-02-06,67.86
2006-02-03,67.9
2006-02-02,68.38
2006-02-01,70.33
2006-01-31,71.76
2006-01-30,72
2006-01-27,75.74
2006-01-25,74.74
2006-01-24,75.94
2006-01-23,77.45
2006-01-20,78.28
2006-01-19,77.05
2006-01-18,74.55
2006-01-17,76.02
2006-01-16,79.32
2006-01-13,82.26
2006-01-12,82.5
2006-01-10,82.74
2006-01-09,83.46
2006-01-06,85.45
2006-01-05,86.12
2006-01-04,82.34
2006-01-03,80.63
2006-01-02,78.17
2005-12-30,77.29
2005-12-29,76.26
2005-12-28,76.34
2005-12-27,77.41
2005-12-26,75.94
2005-12-23,79.44
2005-12-22,80
2005-12-21,78.36
2005-12-20,80.04
2005-12-19,80.43
2005-12-16,80.23
2005-12-15,78.76
2005-12-14,80.95
2005-12-13,78.64
2005-12-12,76.81
2005-12-09,74.07
2005-12-08,74.35
2005-12-07,74.47
2005-12-06,73.87
2005-12-05,74.35
2005-12-02,75.58
2005-12-01,75.66
2005-11-30,75.38
2005-11-29,75.22
2005-11-28,77.13
2005-11-25,77.73
2005-11-24,76.61
2005-11-23,74.23
2005-11-22,76.46
2005-11-21,78.52
2005-11-18,80.95
2005-11-17,79.6
2005-11-16,78.56
2005-11-14,77.97
2005-11-11,77.01
2005-11-10,76.3
2005-11-09,75.66
2005-11-08,75.1
2005-11-07,74.31
2005-11-02,71.24
2005-11-01,69.93
2005-10-31,68.86
2005-10-28,67.11
2005-10-27,70.37
2005-10-26,72.04
2005-10-25,72
2005-10-24,72.68
2005-10-21,74.07
2005-10-20,76.57
2005-10-19,82.14
2005-10-18,87.67
2005-10-17,90.7
2005-10-14,92.45
2005-10-13,94.99
2005-10-11,96.34
2005-10-10,94.16
2005-10-07,95.63
2005-10-06,97.02
2005-10-05,101.08
2005-10-04,102.27
2005-10-03,101.71
2005-09-30,98.06
2005-09-29,96.74
2005-09-28,96.86
2005-09-27,96.58
2005-09-26,97.54
2005-09-23,92.17
2005-09-22,89.9
2005-09-21,97.3
2005-09-20,98.73
2005-09-19,99.53
2005-09-16,95.23
2005-09-15,92.37
2005-09-14,87.75
2005-09-13,87.43
2005-09-12,86.36
2005-09-09,86.4
2005-09-08,86.72
2005-09-06,87.59
2005-09-05,85.13
2005-09-02,85.68
2005-09-01,86.92
2005-08-31,86.76
2005-08-30,84.37
2005-08-29,83.3
2005-08-26,84.37
2005-08-25,83.02
2005-08-24,84.17
2005-08-23,87
2005-08-22,88.19
2005-08-19,87.51
2005-08-18,88.51
2005-08-17,89.98
2005-08-16,87.27
2005-08-12,87.67
2005-08-11,87.87
2005-08-10,87.39
2005-08-09,86.24
2005-08-08,87.27
2005-08-05,89.86
2005-08-04,90.62
2005-08-03,89.18
2005-08-02,90.74
2005-08-01,88.95
2005-07-29,88.47
2005-07-27,90.5
2005-07-26,91.09
2005-07-25,90.1
2005-07-22,90.1
2005-07-21,86.8
2005-07-20,90.3
2005-07-19,90.42
2005-07-18,92.05
2005-07-15,92.37
2005-07-14,90.54
2005-07-13,91.93
2005-07-12,92.65
2005-07-11,87.59
2005-07-08,87.55
2005-07-07,86.32
2005-07-06,87.91
2005-07-05,85.76
2005-07-04,87.31
2005-07-01,86.08
2005-06-30,81.19
2005-06-29,84.01
2005-06-28,80.59
2005-06-27,84.21
2005-06-24,83.73
2005-06-23,89.07
2005-06-22,84.17
2005-06-21,80.63
2005-06-20,80.23
2005-06-17,81.11
2005-06-16,81.83
2005-06-15,81.23
2005-06-14,81.31
2005-06-13,80.55
2005-06-10,79.76
2005-06-09,82.9
2005-06-08,83.06
2005-06-07,84.17
2005-06-02,83.06
2005-06-01,76.89
2005-05-31,74.39
2005-05-30,69.73
2005-05-27,70.45
2005-05-26,65.2
2005-05-25,64.8
2005-05-24,65.91
2005-05-23,66.43
2005-05-20,66.39
2005-05-19,67.03
2005-05-18,66.83
2005-05-17,65.99
2005-05-16,67.35
2005-05-13,67.19
2005-05-12,67.78
2005-05-11,68.1
2005-05-10,67.9
2005-05-09,66.83
2005-05-06,67.5
2005-05-05,67.31
2005-05-04,66.99
2005-05-03,61.3
2005-05-02,63.25
2005-04-29,63.69
2005-04-28,64.6
2005-04-27,66.51
2005-04-26,66.03
2005-04-25,67.43
2005-04-22,67.47
2005-04-21,67.78
2005-04-20,67.07
2005-04-19,66.55
2005-04-18,69.89
2005-04-15,68.58
2005-04-14,71.68
2005-04-13,71.68
2005-04-12,71.2
2005-04-11,71.05
2005-04-08,72
2005-04-07,70.89
2005-04-06,72.04
2005-04-05,70.29
2005-04-04,72.36
2005-04-01,71.64
2005-03-31,72.52
2005-03-30,71.8
2005-03-29,70.25
2005-03-28,72.12
2005-03-25,73.39
2005-03-24,73.39
2005-03-23,66.51
2005-03-22,70.37
2005-03-21,74.23
2005-03-18,73.83
2005-03-17,75.62
2005-03-16,77.17
2005-03-15,77.57
2005-03-14,80.04
2005-03-11,80.35
2005-03-10,82.02
2005-03-09,82.02
2005-03-08,82.94
2005-03-07,80.35
2005-03-04,79.52
2005-03-03,78.72
2005-03-02,75.74
2005-03-01,73.15
2005-02-28,74.98
2005-02-25,73.59
2005-02-24,76.65
2005-02-23,78.44
2005-02-22,78.05
2005-02-21,76.93
2005-02-18,80.83
2005-02-17,85.13
2005-02-16,87.2
2005-02-15,88.59
2005-02-14,86.72
2005-02-11,86.4
2005-02-10,88.55
2005-02-09,90.34
2005-02-08,89.98
2005-02-07,91.09
2005-02-04,92.49
2005-02-03,89.58
2005-02-02,87.51
2005-02-01,83.77
2005-01-31,87.35
2005-01-28,87.27
2005-01-27,88.39
2005-01-26,85.56
2005-01-25,85.56
2005-01-24,87.59
2005-01-21,94.2
2005-01-20,94.2
2005-01-19,90.14
2005-01-18,92.01
2005-01-17,88.31
2005-01-14,86.6
2005-01-13,84.17
2005-01-12,80.27
2005-01-11,82.58
2005-01-10,80.43
2005-01-07,83.69
2005-01-06,79.84
2005-01-05,82.66
2005-01-04,88.75
2005-01-03,89.9