Date,HCL
2014-10-24,1513.25
2014-10-23,1513.25
2014-10-22,1513.25
2014-10-21,1505.1
2014-10-20,1490.35
2014-10-17,1499.46
2014-10-16,1649.21
2014-10-15,1716.09
2014-10-14,1716.09
2014-10-13,1748.76
2014-10-10,1730.53
2014-10-09,1688.7
2014-10-08,1666.39
2014-10-07,1722.27
2014-10-06,1733.17
2014-10-03,1733.17
2014-10-02,1733.17
2014-10-01,1733.17
2014-09-30,1707.87
2014-09-29,1699.16
2014-09-26,1707.13
2014-09-25,1701.6
2014-09-24,1702.55
2014-09-23,1717.54
2014-09-22,1692.54
2014-09-19,1666.84
2014-09-18,1630.34
2014-09-17,1620.03
2014-09-16,1599.11
2014-09-15,1603.25
2014-09-12,1614.5
2014-09-11,1631.13
2014-09-10,1628.44
2014-09-09,1634.22
2014-09-08,1659.57
2014-09-05,1657.63
2014-09-04,1654.39
2014-09-03,1651.35
2014-09-02,1641.39
2014-09-01,1630.83
2014-08-29,1624.21
2014-08-28,1624.21
2014-08-27,1643.28
2014-08-26,1595.18
2014-08-25,1591.29
2014-08-22,1588.36
2014-08-21,1549.31
2014-08-20,1552.3
2014-08-19,1532.58
2014-08-18,1516.94
2014-08-15,1531.83
2014-08-14,1531.83
2014-08-13,1553.89
2014-08-12,1511.07
2014-08-11,1509.22
2014-08-08,1526.65
2014-08-07,1512.16
2014-08-06,1541.44
2014-08-05,1538.26
2014-08-04,1548.76
2014-08-01,1509.17
2014-07-31,1548.86
2014-07-30,1591.14
2014-07-29,1607.88
2014-07-28,1607.88
2014-07-25,1576.01
2014-07-24,1576.15
2014-07-23,1536.81
2014-07-22,1522.77
2014-07-21,1502
2014-07-18,1494.23
2014-07-17,1460.92
2014-07-16,1463.76
2014-07-15,1456.64
2014-07-14,1443.14
2014-07-11,1495.38
2014-07-10,1466.5
2014-07-09,1467.29
2014-07-08,1472.22
2014-07-07,1502.45
2014-07-04,1474.41
2014-07-03,1460.57
2014-07-02,1474.36
2014-07-01,1491.55
2014-06-30,1494.13
2014-06-27,1475.51
2014-06-26,1428.35
2014-06-25,1413.21
2014-06-24,1410.27
2014-06-23,1413.36
2014-06-20,1438.16
2014-06-19,1452.75
2014-06-18,1431.09
2014-06-17,1448.62
2014-06-16,1416.75
2014-06-13,1433.18
2014-06-12,1401.11
2014-06-11,1400.16
2014-06-10,1392.64
2014-06-09,1363.51
2014-06-06,1322.38
2014-06-05,1327.56
2014-06-04,1303
2014-06-03,1342.89
2014-06-02,1377.26
2014-05-30,1412.86
2014-05-29,1394.14
2014-05-28,1434.67
2014-05-27,1377.95
2014-05-26,1380.64
2014-05-23,1335.67
2014-05-22,1318.54
2014-05-21,1330.69
2014-05-20,1303.25
2014-05-19,1301.96
2014-05-16,1359.68
2014-05-15,1400.16
2014-05-14,1405.74
2014-05-13,1427.15
2014-05-12,1388.81
2014-05-09,1365.2
2014-05-08,1334.43
2014-05-07,1315.5
2014-05-06,1377.01
2014-05-05,1376.26
2014-05-02,1419.04
2014-05-01,1397.27
2014-04-30,1397.27
2014-04-29,1408.78
2014-04-28,1413.91
2014-04-25,1443.59
2014-04-24,1432.68
2014-04-23,1432.68
2014-04-22,1446.83
2014-04-21,1429.94
2014-04-18,1415.09
2014-04-17,1415.09
2014-04-16,1402.93
2014-04-15,1415.14
2014-04-14,1391.16
2014-04-11,1391.16
2014-04-10,1348.2
2014-04-09,1370.9
2014-04-08,1396.92
2014-04-07,1396.92
2014-04-04,1388.43
2014-04-03,1414.65
2014-04-02,1416.04
2014-04-01,1408.84
2014-03-31,1381.28
2014-03-28,1396.27
2014-03-27,1379.74
2014-03-26,1387.63
2014-03-25,1388.23
2014-03-24,1404.76
2014-03-21,1416.63
2014-03-20,1397.81
2014-03-19,1394.09
2014-03-18,1403.47
2014-03-17,1407.25
2014-03-14,1407.25
2014-03-13,1449.31
2014-03-12,1450.35
2014-03-11,1444.69
2014-03-10,1431.28
2014-03-07,1477.82
2014-03-06,1481.74
2014-03-05,1452.54
2014-03-04,1471.36
2014-03-03,1494.45
2014-02-28,1564.87
2014-02-27,1561.99
2014-02-26,1561.99
2014-02-25,1538.45
2014-02-24,1519.83
2014-02-21,1527.78
2014-02-20,1462.92
2014-02-19,1484.22
2014-02-18,1476.58
2014-02-17,1492.22
2014-02-14,1487.2
2014-02-13,1479.11
2014-02-12,1480.7
2014-02-11,1463.12
2014-02-10,1406.55
2014-02-07,1390.56
2014-02-06,1399.15
2014-02-05,1384.21
2014-02-04,1392.4
2014-02-03,1443.05
2014-01-31,1452.29
2014-01-30,1424.48
2014-01-29,1412.66
2014-01-28,1402.88
2014-01-27,1414.85
2014-01-24,1402.28
2014-01-23,1402.13
2014-01-22,1434.96
2014-01-21,1426.42
2014-01-20,1416.96
2014-01-17,1366.49
2014-01-16,1377.44
2014-01-15,1317.66
2014-01-14,1308.4
2014-01-13,1330.54
2014-01-10,1285.82
2014-01-09,1272.99
2014-01-08,1234.51
2014-01-07,1244.37
2014-01-06,1238.72
2014-01-03,1247.74
2014-01-02,1239.12
2014-01-01,1246.5
2013-12-31,1250.51
2013-12-30,1234.81
2013-12-27,1234.17
2013-12-26,1233.03
2013-12-25,1225.95
2013-12-24,1225.95
2013-12-23,1228.82
2013-12-20,1225.9
2013-12-19,1224.26
2013-12-18,1186.03
2013-12-17,1153.25
2013-12-16,1168.37
2013-12-13,1163.89
2013-12-12,1163.5
2013-12-11,1159.21
2013-12-10,1137.97
2013-12-09,1126.69
2013-12-06,1110.14
2013-12-05,1092.5
2013-12-04,1100.28
2013-12-03,1102.06
2013-12-02,1116.2
2013-11-29,1070.13
2013-11-28,1046.63
2013-11-27,1043.08
2013-11-26,1044.26
2013-11-25,1037.61
2013-11-22,1034.9
2013-11-21,1046.38
2013-11-20,1071.02
2013-11-19,1086.59
2013-11-18,1080.28
2013-11-15,1068.75
2013-11-14,1068.75
2013-11-13,1080.13
2013-11-12,1081.36
2013-11-11,1085.9
2013-11-08,1098.02
2013-11-07,1086.98
2013-11-06,1067.22
2013-11-05,1084.91
2013-11-04,1086.98
2013-11-01,1086.98
2013-10-31,1079.34
2013-10-30,1070.08
2013-10-29,1064.81
2013-10-28,1047.32
2013-10-25,1062.99
2013-10-24,1039.24
2013-10-23,1090.48
2013-10-22,1092.7
2013-10-21,1066.29
2013-10-18,1084.48
2013-10-17,1065.25
2013-10-16,1142.07
2013-10-15,1142.07
2013-10-14,1140.79
2013-10-11,1138.43
2013-10-10,1099.29
2013-10-09,1093.53
2013-10-08,1088.47
2013-10-07,1100.96
2013-10-04,1078.78
2013-10-03,1086.45
2013-10-02,1053.5
2013-10-01,1053.5
2013-09-30,1069.34
2013-09-27,1055.12
2013-09-26,1034.96
2013-09-25,1045.53
2013-09-24,1054.98
2013-09-23,1073.07
2013-09-20,1044.35
2013-09-19,1007.17
2013-09-18,1011.9
2013-09-17,1020.11
2013-09-16,980.03
2013-09-13,1028.57
2013-09-12,1056.7
2013-09-11,1049.03
2013-09-10,1045.19
2013-09-09,1000.24
2013-09-06,1000.24
2013-09-05,1003.14
2013-09-04,1022.22
2013-09-03,1007.03
2013-09-02,1021.29
2013-08-30,1023.35
2013-08-29,1000.93
2013-08-28,964.04
2013-08-27,932.13
2013-08-26,929.03
2013-08-23,930.8
2013-08-22,887.52
2013-08-21,871.34
2013-08-20,884.38
2013-08-19,916.15
2013-08-16,905.87
2013-08-15,905.08
2013-08-14,905.08
2013-08-13,925.14
2013-08-12,918.01
2013-08-09,891.01
2013-08-08,891.01
2013-08-07,891.7
2013-08-06,928.93
2013-08-05,934.05
2013-08-02,920.57
2013-08-01,915.41
2013-07-31,922.14
2013-07-30,890.77
2013-07-29,882.06
2013-07-26,888.95
2013-07-25,887.57
2013-07-24,885.31
2013-07-23,885.65
2013-07-22,875.62
2013-07-19,877.59
2013-07-18,844.74
2013-07-17,860.87
2013-07-16,862.59
2013-07-15,860.87
2013-07-12,848.43
2013-07-11,826.84
2013-07-10,825.8
2013-07-09,809.23
2013-07-08,805.35
2013-07-05,782.58
2013-07-04,786.61
2013-07-03,755.09
2013-07-02,753.51
2013-07-01,745.94
2013-06-28,763.25
2013-06-27,782.33
2013-06-26,754.45
2013-06-25,738.71
2013-06-24,748.25
2013-06-21,746.28
2013-06-20,747.36
2013-06-19,766.94
2013-06-18,766.99
2013-06-17,763.54
2013-06-14,751.15
2013-06-13,745.1
2013-06-12,751.1
2013-06-11,743.28
2013-06-10,741.07
2013-06-07,731.97
2013-06-06,735.37
2013-06-05,714.86
2013-06-04,723.51
2013-06-03,729.96
2013-05-31,732.61
2013-05-30,729.81
2013-05-29,735.22
2013-05-28,732.61
2013-05-27,729.51
2013-05-24,725.43
2013-05-23,724.74
2013-05-22,731.43
2013-05-21,724.55
2013-05-20,715.84
2013-05-17,708.12
2013-05-16,726.76
2013-05-15,733.3
2013-05-14,732.86
2013-05-13,745.94
2013-05-10,762.17
2013-05-09,757.5
2013-05-08,738.56
2013-05-07,741.12
2013-05-06,737.68
2013-05-03,738.12
2013-05-02,723.66
2013-05-01,709.55
2013-04-30,709.55
2013-04-29,689.28
2013-04-26,673.01
2013-04-25,707.24
2013-04-24,720.12
2013-04-23,720.12
2013-04-22,709.3
2013-04-19,722.19
2013-04-18,722.19
2013-04-17,736.95
2013-04-16,748.23
2013-04-15,750.34
2013-04-12,761.27
2013-04-11,775.6
2013-04-10,750.39
2013-04-09,726.35
2013-04-08,731.11
2013-04-05,742.49
2013-04-04,731.26
2013-04-03,765.64
2013-04-02,780.65
2013-04-01,773.44
2013-03-29,779.81
2013-03-28,779.81
2013-03-27,760.59
2013-03-26,760.59
2013-03-25,752.45
2013-03-22,753.28
2013-03-21,758.33
2013-03-20,759.41
2013-03-19,766.62
2013-03-18,786.73
2013-03-15,776.82
2013-03-14,776.43
2013-03-13,763.73
2013-03-12,758.67
2013-03-11,767.94
2013-03-08,758.38
2013-03-07,756.66
2013-03-06,741.85
2013-03-05,731.41
2013-03-04,701.78
2013-03-01,708.65
2013-02-28,709.58
2013-02-27,706.05
2013-02-26,712.82
2013-02-25,719.54
2013-02-22,706.49
2013-02-21,706.44
2013-02-20,709.04
2013-02-19,692.02
2013-02-18,678
2013-02-15,683.69
2013-02-14,694.72
2013-02-13,695.8
2013-02-12,665.54
2013-02-11,646.9
2013-02-08,657.4
2013-02-07,655.97
2013-02-06,657.25
2013-02-05,658.28
2013-02-04,669.17
2013-02-01,674.81
2013-01-31,674.86
2013-01-30,675.84
2013-01-29,678.68
2013-01-28,683.29
2013-01-25,668.04
2013-01-24,653.62
2013-01-23,663.48
2013-01-22,684.32
2013-01-21,701.54
2013-01-18,690.21
2013-01-17,688.59
2013-01-16,659.06
2013-01-15,649.57
2013-01-14,658.08
2013-01-11,630.74
2013-01-10,627.56
2013-01-09,621.94
2013-01-08,620.81
2013-01-07,614.16
2013-01-04,620.17
2013-01-03,612.25
2013-01-02,611.57
2013-01-01,608.54
2012-12-31,605.16
2012-12-28,612.59
2012-12-27,611.62
2012-12-26,620.57
2012-12-25,622.52
2012-12-24,622.52
2012-12-21,616.16
2012-12-20,625.51
2012-12-19,627.41
2012-12-18,618.9
2012-12-17,619.1
2012-12-14,617.09
2012-12-13,607.56
2012-12-12,602.81
2012-12-11,600.91
2012-12-10,607.75
2012-12-07,600.61
2012-12-06,611.76
2012-12-05,625.02
2012-12-04,634.02
2012-12-03,633.67
2012-11-30,642.13
2012-11-29,624.82
2012-11-28,628.83
2012-11-27,628.83
2012-11-26,625.95
2012-11-23,622.52
2012-11-22,613.57
2012-11-21,603.99
2012-11-20,600.22
2012-11-19,602.37
2012-11-16,594.45
2012-11-15,607.07
2012-11-14,606.43
2012-11-13,606.43
2012-11-12,606.43
2012-11-09,601.25
2012-11-08,604.97
2012-11-07,602.67
2012-11-06,595.09
2012-11-05,600.42
2012-11-02,600.76
2012-11-01,594.79
2012-10-31,594.69
2012-10-30,593.13
2012-10-29,596.65
2012-10-26,595.92
2012-10-25,595.92
2012-10-24,595.38
2012-10-23,595.38
2012-10-22,597.78
2012-10-19,592.1
2012-10-18,583.94
2012-10-17,564.07
2012-10-16,567.9
2012-10-15,567.13
2012-10-12,565.14
2012-10-11,560.47
2012-10-10,549.25
2012-10-09,544.83
2012-10-08,542.89
2012-10-05,557.27
2012-10-04,572.32
2012-10-03,574.56
2012-10-02,564.65
2012-10-01,564.65
2012-09-28,561.05
2012-09-27,566.88
2012-09-26,552.7
2012-09-25,549.25
2012-09-24,542.84
2012-09-21,553.67
2012-09-20,551.97
2012-09-19,557.36
2012-09-18,557.36
2012-09-17,551.53
2012-09-14,566.3
2012-09-13,571.11
2012-09-12,565.72
2012-09-11,560.57
2012-09-10,557.41
2012-09-07,560.62
2012-09-06,552.41
2012-09-05,546.09
2012-09-04,545.56
2012-09-03,539.78
2012-08-31,528.94
2012-08-30,531.03
2012-08-29,532
2012-08-28,541.67
2012-08-27,542.69
2012-08-24,541.57
2012-08-23,543.47
2012-08-22,537.4
2012-08-21,541.91
2012-08-20,541.53
2012-08-17,541.53
2012-08-16,542.21
2012-08-15,534.92
2012-08-14,534.92
2012-08-13,527.49
2012-08-10,521.56
2012-08-09,521.46
2012-08-08,522.09
2012-08-07,515.44
2012-08-06,508.34
2012-08-03,507.57
2012-08-02,510
2012-08-01,507.03
2012-07-31,503.83
2012-07-30,502.13
2012-07-27,503
2012-07-26,497.22
2012-07-25,498.97
2012-07-24,467.15
2012-07-23,464.23
2012-07-20,466.18
2012-07-19,465.89
2012-07-18,462.73
2012-07-17,465.16
2012-07-16,467.68
2012-07-13,469.87
2012-07-12,467.54
2012-07-11,478.81
2012-07-10,484.2
2012-07-09,473.08
2012-07-06,476.52
2012-07-05,478.47
2012-07-04,469.72
2012-07-03,470.79
2012-07-02,470.69
2012-06-29,462.92
2012-06-28,446.02
2012-06-27,456.41
2012-06-26,447.81
2012-06-25,451.65
2012-06-22,459.23
2012-06-21,468.17
2012-06-20,472.93
2012-06-19,458.55
2012-06-18,456.56
2012-06-15,472.15
2012-06-14,465.16
2012-06-13,476.86
2012-06-12,470.99
2012-06-11,468.8
2012-06-08,481.53
2012-06-07,484.88
2012-06-06,487.84
2012-06-05,481.29
2012-06-04,479.83
2012-06-01,473.27
2012-05-31,489.74
2012-05-30,494.74
2012-05-29,491
2012-05-28,477.59
2012-05-25,473.27
2012-05-24,471.91
2012-05-23,470.99
2012-05-22,473.8
2012-05-21,465.84
2012-05-18,469.67
2012-05-17,471.47
2012-05-16,472.1
2012-05-15,475.07
2012-05-14,471.28
2012-05-11,474.68
2012-05-10,477.35
2012-05-09,472.78
2012-05-08,465.11
2012-05-07,487.65
2012-05-04,498.63
2012-05-03,500.62
2012-05-02,503.73
2012-05-01,497.46
2012-04-30,497.51
2012-04-27,496.44
2012-04-26,486.73
2012-04-25,494.55
2012-04-24,495.71
2012-04-23,481.48
2012-04-20,489.06
2012-04-19,487.22
2012-04-18,478.36
2012-04-17,465.35
2012-04-16,469.17
2012-04-13,463.51
2012-04-12,478.46
2012-04-11,474.2
2012-04-10,475.17
2012-04-09,482.24
2012-04-06,492.64
2012-04-05,492.64
2012-04-04,492.64
2012-04-03,489.11
2012-04-02,485.09
2012-03-30,467.67
2012-03-29,456.93
2012-03-28,455.43
2012-03-27,455.62
2012-03-26,461.96
2012-03-23,469.32
2012-03-22,461.62
2012-03-21,475.99
2012-03-20,476.14
2012-03-19,482.86
2012-03-16,481.12
2012-03-15,480.2
2012-03-14,488.53
2012-03-13,488.82
2012-03-12,490.61
2012-03-09,490.56
2012-03-08,466.46
2012-03-07,478.95
2012-03-06,465.88
2012-03-05,465.35
2012-03-02,466.12
2012-03-01,466.46
2012-02-29,469.32
2012-02-28,466.75
2012-02-27,468.98
2012-02-24,476.96
2012-02-23,479.43
2012-02-22,476.24
2012-02-21,477.83
2012-02-20,476.67
2012-02-17,476.67
2012-02-16,460.7
2012-02-15,454.56
2012-02-14,453.15
2012-02-13,453.2
2012-02-10,453.59
2012-02-09,448.51
2012-02-08,452.14
2012-02-07,445.75
2012-02-06,447.83
2012-02-03,439.36
2012-02-02,446.57
2012-02-01,423.78
2012-01-31,423.54
2012-01-30,415.22
2012-01-27,414.2
2012-01-26,407.23
2012-01-25,407.23
2012-01-24,414.64
2012-01-23,406.7
2012-01-20,404.19
2012-01-19,403.51
2012-01-18,402.06
2012-01-17,409.72
2012-01-16,390.99
2012-01-13,383.09
2012-01-12,390.79
2012-01-11,399.99
2012-01-10,404.42
2012-01-09,399.66
2012-01-06,402.16
2012-01-05,399.46
2012-01-04,402.98
2012-01-03,388.34
2012-01-02,379.09
2011-12-30,373.65
2011-12-29,373.55
2011-12-28,377.41
2011-12-27,377.41
2011-12-26,373.89
2011-12-23,375.1
2011-12-22,374.13
2011-12-21,374.9
2011-12-20,376.88
2011-12-19,396.28
2011-12-16,397.15
2011-12-15,398.21
2011-12-14,396.48
2011-12-13,400.96
2011-12-12,398.31
2011-12-09,392.72
2011-12-08,402.35
2011-12-07,402.21
2011-12-06,391.9
2011-12-05,391.9
2011-12-02,401.44
2011-12-01,385.79
2011-11-30,369.65
2011-11-29,376.25
2011-11-28,375.87
2011-11-25,372.45
2011-11-24,378.95
2011-11-23,370.76
2011-11-22,377.31
2011-11-21,380.01
2011-11-18,389.35
2011-11-17,393.54
2011-11-16,395.75
2011-11-15,409.67
2011-11-14,413.48
2011-11-11,410.44
2011-11-09,410.88
2011-11-08,412.66
2011-11-04,422.58
2011-11-03,421.95
2011-11-02,422.14
2011-11-01,414.05
2011-10-31,427.39
2011-10-28,435.1
2011-10-26,413.67
2011-10-25,413.52
2011-10-24,409.24
2011-10-21,397.92
2011-10-20,394.6
2011-10-19,390.57
2011-10-18,384.92
2011-10-17,421.82
2011-10-14,422.11
2011-10-13,408.83
2011-10-12,401.79
2011-10-11,386.55
2011-10-10,396.71
2011-10-07,388.51
2011-10-05,378.93
2011-10-04,375.96
2011-10-03,384.15
2011-09-30,392.16
2011-09-29,393.11
2011-09-28,390.09
2011-09-27,377.01
2011-09-26,369.68
2011-09-23,371.93
2011-09-22,366.85
2011-09-21,388.27
2011-09-20,386.45
2011-09-19,376.05
2011-09-16,369.82
2011-09-15,386.4
2011-09-14,378.78
2011-09-13,363.74
2011-09-12,361.96
2011-09-09,389.14
2011-09-08,394.26
2011-09-07,389.66
2011-09-06,378.31
2011-09-05,368.1
2011-09-02,380.51
2011-08-30,395.89
2011-08-29,374.23
2011-08-26,347.73
2011-08-25,356.88
2011-08-24,371.12
2011-08-23,380.51
2011-08-22,371.07
2011-08-19,375.72
2011-08-18,380.32
2011-08-17,405.62
2011-08-16,394.79
2011-08-12,390.81
2011-08-11,395.51
2011-08-10,404.62
2011-08-09,395.99
2011-08-08,401.84
2011-08-05,425.03
2011-08-04,448.56
2011-08-03,452.97
2011-08-02,455.56
2011-08-01,465.86
2011-07-29,466.58
2011-07-28,470.61
2011-07-27,483.07
2011-07-26,493.75
2011-07-25,495.14
2011-07-22,483.93
2011-07-21,482.49
2011-07-20,478.85
2011-07-19,486.85
2011-07-18,483.3
2011-07-15,476.98
2011-07-14,471.76
2011-07-13,474.3
2011-07-12,471.13
2011-07-11,472.71
2011-07-08,481.39
2011-07-07,488.43
2011-07-06,482.49
2011-07-05,485.56
2011-07-04,478.18
2011-07-01,475.59
2011-06-30,474.2
2011-06-29,468.5
2011-06-28,469.5
2011-06-27,469.98
2011-06-24,472.33
2011-06-23,451.1
2011-06-22,444.15
2011-06-21,445.73
2011-06-20,445.78
2011-06-17,460.01
2011-06-16,468.74
2011-06-15,478.46
2011-06-14,486.52
2011-06-13,479.57
2011-06-10,481.96
2011-06-09,486.61
2011-06-08,489.73
2011-06-07,490.54
2011-06-06,488.34
2011-06-03,491.07
2011-06-02,492.36
2011-06-01,493.03
2011-05-31,493.42
2011-05-30,487.71
2011-05-27,487.62
2011-05-26,478.51
2011-05-25,470.94
2011-05-24,470.46
2011-05-23,473.15
2011-05-20,484.93
2011-05-19,485.8
2011-05-18,483.16
2011-05-17,482.2
2011-05-16,478.85
2011-05-13,483.78
2011-05-12,483.93
2011-05-11,484.36
2011-05-10,482.2
2011-05-09,478.66
2011-05-06,479.57
2011-05-05,475.83
2011-05-04,477.94
2011-05-03,493.61
2011-05-02,498.88
2011-04-29,499.55
2011-04-28,491.02
2011-04-27,494.61
2011-04-26,495.05
2011-04-25,493.7
2011-04-22,495.53
2011-04-21,495.53
2011-04-20,499.2
2011-04-19,455
2011-04-18,442.11
2011-04-15,460.87
2011-04-14,474.52
2011-04-13,474.81
2011-04-12,469.65
2011-04-11,469.08
2011-04-08,462.82
2011-04-07,475.33
2011-04-06,469.46
2011-04-05,464.78
2011-04-04,463.25
2011-04-01,446.02
2011-03-31,456.33
2011-03-30,454.76
2011-03-29,458.29
2011-03-28,455.28
2011-03-25,449.94
2011-03-24,439.58
2011-03-23,433.89
2011-03-22,431.6
2011-03-21,430.55
2011-03-18,429.93
2011-03-17,437.14
2011-03-16,443.2
2011-03-15,434.9
2011-03-14,443.59
2011-03-11,434.32
2011-03-10,436.28
2011-03-09,443.49
2011-03-08,443.01
2011-03-07,431.46
2011-03-04,441.91
2011-03-03,439.62
2011-03-02,447.02
2011-03-01,447.55
2011-02-28,422.44
2011-02-25,425.73
2011-02-24,420.96
2011-02-23,438.86
2011-02-22,439.19
2011-02-21,444.06
2011-02-18,436.9
2011-02-17,446.31
2011-02-16,452.32
2011-02-15,461.15
2011-02-14,460.44
2011-02-11,448.26
2011-02-10,448.5
2011-02-09,441.77
2011-02-08,444.4
2011-02-07,456.09
2011-02-04,458.62
2011-02-03,468.89
2011-02-02,475.67
2011-02-01,462.63
2011-01-31,468.55
2011-01-28,470.99
2011-01-27,482.68
2011-01-26,484.93
2011-01-25,485.5
2011-01-24,485.17
2011-01-21,475.05
2011-01-20,485.79
2011-01-19,483.13
2011-01-18,464.78
2011-01-17,453.03
2011-01-14,447.52
2011-01-13,441.95
2011-01-12,453.27
2011-01-11,451.98
2011-01-10,442.1
2011-01-07,442.43
2011-01-06,454.27
2011-01-05,449.18
2011-01-04,438.53
2011-01-03,431.87
2010-12-31,433.87
2010-12-30,436.91
2010-12-29,434.87
2010-12-28,436.96
2010-12-27,430.4
2010-12-24,432.73
2010-12-23,435.15
2010-12-22,429.4
2010-12-21,430.68
2010-12-20,427.12
2010-12-17,423.79
2010-12-16,426.98
2010-12-15,426.4
2010-12-14,421.74
2010-12-13,416.18
2010-12-10,410.62
2010-12-09,404.53
2010-12-08,411.81
2010-12-07,414.52
2010-12-06,405.25
2010-12-03,402.92
2010-12-02,398.68
2010-12-01,390.89
2010-11-30,383.94
2010-11-29,374.25
2010-11-26,372.77
2010-11-25,366.83
2010-11-24,371.34
2010-11-23,376.57
2010-11-22,371.11
2010-11-19,358.51
2010-11-18,374.15
2010-11-17,373.63
2010-11-16,373.1
2010-11-15,384.52
2010-11-12,382.71
2010-11-11,382.9
2010-11-10,385.13
2010-11-09,384.99
2010-11-08,385.75
2010-11-05,393.07
2010-11-04,391.84
2010-11-03,386.18
2010-11-02,386.13
2010-11-01,387.8
2010-10-29,383.99
2010-10-28,390.27
2010-10-27,396.83
2010-10-26,402.3
2010-10-25,403.72
2010-10-22,396.4
2010-10-21,400.44
2010-10-20,402.81
2010-10-19,415.24
2010-10-18,422.04
2010-10-15,407.82
2010-10-14,414.86
2010-10-13,419.96
2010-10-12,406.16
2010-10-11,407.2
2010-10-08,409.47
2010-10-07,406.3
2010-10-06,410.04
2010-10-05,409.38
2010-10-04,411.88
2010-10-01,407.34
2010-09-30,397.75
2010-09-29,394.39
2010-09-28,391.42
2010-09-27,394.82
2010-09-24,398.41
2010-09-23,389.01
2010-09-22,398.08
2010-09-21,404.89
2010-09-20,399.03
2010-09-17,396.33
2010-09-16,394.68
2010-09-15,399.69
2010-09-14,386.93
2010-09-13,388.11
2010-09-10,387.59
2010-09-09,387.68
2010-09-08,383.57
2010-09-07,379.88
2010-09-06,383.66
2010-09-03,380.12
2010-09-02,381.82
2010-09-01,364.99
2010-08-31,361.64
2010-08-30,371.8
2010-08-27,381.3
2010-08-26,391.27
2010-08-25,387.16
2010-08-24,386.78
2010-08-23,386.74
2010-08-20,385.46
2010-08-19,383.9
2010-08-18,386.78
2010-08-17,374.68
2010-08-16,379.36
2010-08-13,388.58
2010-08-12,379.46
2010-08-11,384.47
2010-08-10,390.28
2010-08-09,393.4
2010-08-06,389.53
2010-08-05,391.7
2010-08-04,381.68
2010-08-03,371.33
2010-08-02,371.37
2010-07-30,370.76
2010-07-29,357.38
2010-07-28,352.18
2010-07-27,359.7
2010-07-26,353.51
2010-07-23,352.42
2010-07-22,350.53
2010-07-21,351.14
2010-07-20,350.72
2010-07-19,357.62
2010-07-16,352.89
2010-07-15,338.1
2010-07-14,337.48
2010-07-13,341.12
2010-07-12,344.91
2010-07-09,341.55
2010-07-08,339.89
2010-07-07,336.68
2010-07-06,340.32
2010-07-05,335.83
2010-07-02,333.66
2010-07-01,343.53
2010-06-30,344.24
2010-06-29,340.89
2010-06-28,342.26
2010-06-25,338.9
2010-06-24,344.24
2010-06-23,352.37
2010-06-22,359.27
2010-06-21,367.03
2010-06-18,367.97
2010-06-17,364.57
2010-06-16,361.54
2010-06-15,363.53
2010-06-14,359.75
2010-06-11,349.4
2010-06-10,346.84
2010-06-09,343.96
2010-06-08,345.09
2010-06-07,353.27
2010-06-04,365.75
2010-06-03,357.9
2010-06-02,349.68
2010-06-01,345
2010-05-31,361.45
2010-05-28,356.49
2010-05-27,349.92
2010-05-26,346.47
2010-05-25,335.59
2010-05-24,350.72
2010-05-21,347.36
2010-05-20,341.64
2010-05-19,351.52
2010-05-18,374.54
2010-05-17,372.79
2010-05-14,383.24
2010-05-13,376.86
2010-05-12,371.33
2010-05-11,366.32
2010-05-10,376.76
2010-05-07,364.47
2010-05-06,378.04
2010-05-05,382.91
2010-05-04,376.57
2010-05-03,368.11
2010-04-30,372.89
2010-04-29,364.38
2010-04-28,365.04
2010-04-27,366.74
2010-04-26,369.63
2010-04-23,365.66
2010-04-22,360.61
2010-04-21,352.55
2010-04-20,325.63
2010-04-19,328.98
2010-04-16,331.62
2010-04-15,336.33
2010-04-14,336.43
2010-04-13,336.38
2010-04-12,325.3
2010-04-09,323.98
2010-04-08,325.39
2010-04-07,326.76
2010-04-06,327.09
2010-04-05,340.2
2010-04-02,337.09
2010-04-01,336.57
2010-03-31,337.93
2010-03-30,338.78
2010-03-29,349.39
2010-03-26,349.58
2010-03-25,351.28
2010-03-24,345.1
2010-03-23,346.14
2010-03-22,347.98
2010-03-19,352.69
2010-03-18,354.39
2010-03-17,359.9
2010-03-16,351.79
2010-03-15,348.07
2010-03-12,339.96
2010-03-11,339.82
2010-03-10,337.6
2010-03-09,340.72
2010-03-08,338.88
2010-03-05,338.69
2010-03-04,341.61
2010-03-03,343.5
2010-03-02,344.02
2010-03-01,345.01
2010-02-26,346.14
2010-02-25,346.7
2010-02-24,344.58
2010-02-23,342.32
2010-02-22,343.36
2010-02-19,342.18
2010-02-18,340.1
2010-02-17,341.14
2010-02-16,340.1
2010-02-15,340.76
2010-02-12,330.01
2010-02-11,328.93
2010-02-10,328.22
2010-02-09,326.95
2010-02-08,322.09
2010-02-05,317.9
2010-02-04,317.9
2010-02-03,329.02
2010-02-02,322.61
2010-02-01,327.85
2010-01-29,327
2010-01-28,326.57
2010-01-27,310.45
2010-01-26,353.51
2010-01-25,339.59
2010-01-22,359.76
2010-01-21,348.34
2010-01-20,358.21
2010-01-19,354.26
2010-01-18,354.03
2010-01-15,347.3
2010-01-14,347.96
2010-01-13,355.34
2010-01-12,345.85
2010-01-11,334
2010-01-08,330.71
2010-01-07,338.61
2010-01-06,345.99
2010-01-05,356.75
2010-01-04,348.9
2010-01-01,348.85
2009-12-31,349.09
2009-12-30,349.42
2009-12-29,350.31
2009-12-28,350.97
2009-12-25,350.97
2009-12-24,352.47
2009-12-23,349.09
2009-12-22,338.09
2009-12-21,334.89
2009-12-18,343.45
2009-12-17,336.68
2009-12-16,323.66
2009-12-15,318.63
2009-12-14,322.15
2009-12-11,326.71
2009-12-10,329.2
2009-12-09,334.19
2009-12-08,328.17
2009-12-07,325.26
2009-12-04,319.57
2009-12-03,315.2
2009-12-02,309.74
2009-12-01,319.29
2009-11-30,316
2009-11-27,310.24
2009-11-26,315.63
2009-11-25,321.16
2009-11-24,318.44
2009-11-23,322.1
2009-11-20,305.69
2009-11-19,307.61
2009-11-18,318.49
2009-11-17,315.91
2009-11-16,311.83
2009-11-13,315.63
2009-11-12,312.49
2009-11-11,302.55
2009-11-10,286.29
2009-11-09,292.52
2009-11-06,286.15
2009-11-05,282.68
2009-11-04,269.79
2009-11-03,264.63
2009-11-02,286.66
2009-10-30,287.09
2009-10-29,290.04
2009-10-28,292.79
2009-10-27,299.01
2009-10-26,306.3
2009-10-23,304.8
2009-10-22,305.69
2009-10-21,300.32
2009-10-20,290.97
2009-10-19,282.33
2009-10-16,281.44
2009-10-15,281.82
2009-10-14,284.43
2009-10-13,281.25
2009-10-12,282.24
2009-10-09,277.7
2009-10-08,278.83
2009-10-07,288.92
2009-10-06,296.16
2009-10-05,312.93
2009-10-02,315.73
2009-10-01,314.33
2009-09-30,318.44
2009-09-29,313.12
2009-09-28,312.65
2009-09-25,313.45
2009-09-24,324.14
2009-09-23,311.34
2009-09-22,320.45
2009-09-21,317.7
2009-09-18,316.81
2009-09-17,320.17
2009-09-16,300.46
2009-09-15,293.64
2009-09-14,292.42
2009-09-11,292.37
2009-09-10,289.15
2009-09-09,288.45
2009-09-08,287.47
2009-09-07,290.27
2009-09-04,284.9
2009-09-03,282.8
2009-09-02,288.82
2009-09-01,278.08
2009-08-31,280.32
2009-08-28,286.35
2009-08-27,292.37
2009-08-26,282
2009-08-25,287.05
2009-08-24,270.98
2009-08-21,261.17
2009-08-20,238.04
2009-08-19,233.37
2009-08-18,240.52
2009-08-17,243.32
2009-08-14,252.38
2009-08-13,264.2
2009-08-12,245.14
2009-08-11,242.8
2009-08-10,229.16
2009-08-07,228.32
2009-08-06,228.51
2009-08-05,238.51
2009-08-04,235.89
2009-08-03,237.71
2009-07-31,225.19
2009-07-30,229.82
2009-07-29,220.15
2009-07-28,225.7
2009-07-27,223.23
2009-07-24,219.12
2009-07-23,210.1
2009-07-22,201.97
2009-07-21,214.45
2009-07-20,218.42
2009-07-17,201.32
2009-07-16,181.51
2009-07-15,182.11
2009-07-14,178.05
2009-07-13,170.72
2009-07-10,165.11
2009-07-09,165.44
2009-07-08,157.54
2009-07-07,171.88
2009-07-06,175.15
2009-07-03,178.8
2009-07-02,178.52
2009-07-01,177.54
2009-06-30,173.75
2009-06-29,179.12
2009-06-26,179.22
2009-06-25,174.17
2009-06-24,178.56
2009-06-23,178.28
2009-06-22,173.19
2009-06-19,179.41
2009-06-18,176.46
2009-06-17,183.19
2009-06-16,195.24
2009-06-15,187.39
2009-06-12,183.89
2009-06-11,183.75
2009-06-10,190.43
2009-06-09,181.6
2009-06-08,161.18
2009-06-05,163.47
2009-06-04,162.68
2009-06-03,161.32
2009-06-02,166.79
2009-06-01,159.6
2009-05-29,155.95
2009-05-28,163.1
2009-05-27,163.47
2009-05-26,149.78
2009-05-25,153.15
2009-05-22,155.95
2009-05-21,152.4
2009-05-20,155.86
2009-05-19,148.57
2009-05-18,155.11
2009-05-15,138.06
2009-05-14,132.59
2009-05-13,129.65
2009-05-12,135.39
2009-05-11,132.36
2009-05-08,138.9
2009-05-07,140.25
2009-05-06,137.82
2009-05-05,141.61
2009-05-04,144.13
2009-05-01,121.57
2009-04-30,121.57
2009-04-29,121.33
2009-04-28,117.78
2009-04-27,119.23
2009-04-24,118.58
2009-04-23,118.81
2009-04-22,115.94
2009-04-21,128.08
2009-04-20,126.92
2009-04-17,119.6
2009-04-16,113.25
2009-04-15,122.15
2009-04-14,118.16
2009-04-13,118.76
2009-04-10,113.15
2009-04-09,113.29
2009-04-08,115.24
2009-04-07,103.88
2009-04-06,103.7
2009-04-03,101.06
2009-04-02,99.15
2009-04-01,93.41
2009-03-31,94.61
2009-03-30,92.48
2009-03-27,97.25
2009-03-26,93.96
2009-03-25,96.28
2009-03-24,96.88
2009-03-23,96.37
2009-03-20,96.65
2009-03-19,96.93
2009-03-18,95.26
2009-03-17,93.73
2009-03-16,94.24
2009-03-13,89.19
2009-03-12,83.16
2009-03-11,84.18
2009-03-10,84.18
2009-03-09,84.46
2009-03-06,87.24
2009-03-05,86.04
2009-03-04,88.12
2009-03-03,87.66
2009-03-02,87.52
2009-02-27,92.9
2009-02-26,91.88
2009-02-25,93.55
2009-02-24,93.36
2009-02-23,96
2009-02-20,95.96
2009-02-19,101.1
2009-02-18,100.73
2009-02-17,101.33
2009-02-16,102.4
2009-02-13,105.64
2009-02-12,105.88
2009-02-11,106.62
2009-02-10,108.89
2009-02-09,111.02
2009-02-06,116.35
2009-02-05,112.69
2009-02-04,113.2
2009-02-03,109.17
2009-02-02,105.04
2009-01-30,107.64
2009-01-29,101.19
2009-01-28,105.6
2009-01-27,102.49
2009-01-26,98.35
2009-01-23,97.44
2009-01-22,101.76
2009-01-21,105.41
2009-01-20,101.17
2009-01-19,105.5
2009-01-16,107.23
2009-01-15,99.35
2009-01-14,107.59
2009-01-13,99.12
2009-01-12,98.35
2009-01-09,97.12
2009-01-08,100.17
2009-01-07,100.4
2009-01-06,118.88
2009-01-05,114.88
2009-01-02,111.37
2009-01-01,111.83
2008-12-31,105
2008-12-30,105.82
2008-12-29,102.36
2008-12-26,102.86
2008-12-25,109.28
2008-12-24,105.54
2008-12-23,113.51
2008-12-22,122.21
2008-12-19,127.4
2008-12-18,123.07
2008-12-17,111.33
2008-12-16,112.05
2008-12-15,94.57
2008-12-12,97.67
2008-12-11,105.22
2008-12-10,108.18
2008-12-09,106.73
2008-12-08,106.5
2008-12-05,107.96
2008-12-04,109.32
2008-12-03,109.46
2008-12-02,113.87
2008-12-01,122.75
2008-11-28,125.21
2008-11-27,129.04
2008-11-26,130.31
2008-11-25,126.12
2008-11-24,136.28
2008-11-21,130.95
2008-11-20,125.67
2008-11-19,123.66
2008-11-18,124.21
2008-11-17,134.5
2008-11-14,136.91
2008-11-13,141.15
2008-11-12,140.78
2008-11-11,140.42
2008-11-10,154.76
2008-11-07,150.21
2008-11-06,144.7
2008-11-05,142.15
2008-11-04,152.17
2008-11-03,159.68
2008-10-31,157.45
2008-10-30,139.78
2008-10-29,138.1
2008-10-28,138.1
2008-10-27,121.93
2008-10-24,125.62
2008-10-23,137.32
2008-10-22,147.8
2008-10-21,164.14
2008-10-20,151.76
2008-10-17,139.25
2008-10-16,138.85
2008-10-15,139.77
2008-10-14,144.53
2008-10-13,149.69
2008-10-10,150.04
2008-10-09,171.85
2008-10-08,165.42
2008-10-07,174.28
2008-10-06,171.72
2008-10-03,182.69
2008-10-02,181.46
2008-10-01,181.37
2008-09-30,171.37
2008-09-29,172.21
2008-09-26,187.63
2008-09-25,198.16
2008-09-24,206.22
2008-09-23,206.84
2008-09-22,205.43
2008-09-19,202.17
2008-09-18,187.5
2008-09-17,185.43
2008-09-16,195.21
2008-09-15,189.39
2008-09-12,201.69
2008-09-11,209.57
2008-09-10,219.66
2008-09-09,224.47
2008-09-08,226.05
2008-09-05,215.39
2008-09-04,221.78
2008-09-03,220.24
2008-09-02,219.97
2008-09-01,213.63
2008-08-29,205.48
2008-08-28,197.41
2008-08-27,202.57
2008-08-26,203.05
2008-08-25,197.5
2008-08-22,196.22
2008-08-21,195.96
2008-08-20,201.69
2008-08-19,198.69
2008-08-18,201.73
2008-08-15,207.99
2008-08-14,208.07
2008-08-13,203.14
2008-08-12,203.71
2008-08-11,206.75
2008-08-08,198.51
2008-08-07,196.97
2008-08-06,201.6
2008-08-05,211.6
2008-08-04,193.8
2008-08-01,182.65
2008-07-31,176.57
2008-07-30,179.61
2008-07-29,175.82
2008-07-28,177.71
2008-07-25,179.52
2008-07-24,185.07
2008-07-23,189.35
2008-07-22,180.4
2008-07-21,173.04
2008-07-18,178.07
2008-07-17,188.16
2008-07-16,189.52
2008-07-15,187.1
2008-07-14,198.25
2008-07-11,210.32
2008-07-10,219.93
2008-07-09,214.68
2008-07-08,208.43
2008-07-07,214.55
2008-07-04,208.07
2008-07-03,208.56
2008-07-02,223.81
2008-07-01,228.87
2008-06-30,222.57
2008-06-27,223.23
2008-06-26,242.71
2008-06-25,230.37
2008-06-24,235.53
2008-06-23,238.35
2008-06-20,234.6
2008-06-19,240.86
2008-06-18,246.32
2008-06-17,257.87
2008-06-16,258.26
2008-06-13,255.05
2008-06-12,257.16
2008-06-11,258.26
2008-06-10,250.51
2008-06-09,261.88
2008-06-06,276.07
2008-06-05,269.55
2008-06-04,255.58
2008-06-03,259.67
2008-06-02,267.65
2008-05-30,277.26
2008-05-29,272.59
2008-05-28,271.09
2008-05-27,264.13
2008-05-26,261.7
2008-05-23,257.6
2008-05-22,255.05
2008-05-21,263.33
2008-05-20,261.44
2008-05-19,260.07
2008-05-16,261.22
2008-05-15,267.34
2008-05-14,270.69
2008-05-13,258.88
2008-05-12,253.64
2008-05-09,253.59
2008-05-08,254.52
2008-05-07,258.84
2008-05-06,257.91
2008-05-05,253.86
2008-05-02,261.79
2008-05-01,250.91
2008-04-30,254.21
2008-04-29,252.84
2008-04-28,233.9
2008-04-25,229.75
2008-04-24,223.94
2008-04-23,231.3
2008-04-22,232.35
2008-04-21,241.74
2008-04-18,235.53
2008-04-17,235.83
2008-04-16,227.87
2008-04-15,214.31
2008-04-14,201.24
2008-04-11,201.54
2008-04-10,206.97
2008-04-09,209.07
2008-04-08,208.76
2008-04-07,213.92
2008-04-04,214.23
2008-04-03,218.56
2008-04-02,216.06
2008-04-01,215.45
2008-03-31,221.53
2008-03-28,237.36
2008-03-27,230.37
2008-03-26,241.78
2008-03-25,249.17
2008-03-24,239.73
2008-03-21,227.39
2008-03-20,227.39
2008-03-19,222.97
2008-03-18,218.43
2008-03-17,210.16
2008-03-14,232.2
2008-03-13,222.32
2008-03-12,239.25
2008-03-11,232.07
2008-03-10,238.02
2008-03-07,239.16
2008-03-06,244.93
2008-03-05,243.71
2008-03-04,233.82
2008-03-03,239.38
2008-02-29,242.88
2008-02-28,254.55
2008-02-27,252.59
2008-02-26,257.96
2008-02-25,246.37
2008-02-22,236.71
2008-02-21,250
2008-02-20,234.08
2008-02-19,247.69
2008-02-18,241.43
2008-02-15,240.08
2008-02-14,230.15
2008-02-13,221.01
2008-02-12,217.73
2008-02-11,224.11
2008-02-08,225.12
2008-02-07,213.61
2008-02-06,231.81
2008-02-05,242.31
2008-02-04,243.27
2008-02-01,232.64
2008-01-31,211.38
2008-01-30,220.66
2008-01-29,223.02
2008-01-28,211.08
2008-01-25,218.43
2008-01-24,201.41
2008-01-23,210.25
2008-01-22,199.31
2008-01-21,216.05
2008-01-18,232.13
2008-01-17,232.13
2008-01-16,233.3
2008-01-15,240.11
2008-01-14,246.18
2008-01-11,250.52
2008-01-10,256.85
2008-01-09,260.23
2008-01-08,260.88
2008-01-07,259.54
2008-01-04,273.19
2008-01-03,268.81
2008-01-02,272.59
2008-01-01,279.26
2007-12-31,285.85
2007-12-28,285.03
2007-12-27,275.45
2007-12-26,280.61
2007-12-25,280.95
2007-12-24,283.04
2007-12-21,272.28
2007-12-20,270.59
2007-12-19,262.48
2007-12-18,259.28
2007-12-17,263.57
2007-12-14,266.99
2007-12-13,266.39
2007-12-12,276.27
2007-12-11,274.58
2007-12-10,268.42
2007-12-07,276.75
2007-12-06,270.11
2007-12-05,270.42
2007-12-04,270.29
2007-12-03,272.11
2007-11-30,279.44
2007-11-29,272.28
2007-11-28,264.61
2007-11-27,266
2007-11-26,269.07
2007-11-23,262.53
2007-11-22,251.56
2007-11-21,251.51
2007-11-20,251.51
2007-11-19,256.85
2007-11-16,252.86
2007-11-15,260.1
2007-11-14,260.71
2007-11-13,254.46
2007-11-12,257.71
2007-11-09,260.75
2007-11-08,260.71
2007-11-07,257.02
2007-11-06,265.04
2007-11-05,265.26
2007-11-02,260.4
2007-11-01,268.77
2007-10-31,273.19
2007-10-30,269.51
2007-10-29,268.94
2007-10-26,266.91
2007-10-25,265.87
2007-10-24,258.97
2007-10-23,260.62
2007-10-22,263.7
2007-10-19,262.53
2007-10-18,265.52
2007-10-17,267.34
2007-10-16,263
2007-10-15,270.37
2007-10-12,270.46
2007-10-11,271.07
2007-10-10,285.59
2007-10-09,277.75
2007-10-08,267.47
2007-10-05,265.39
2007-10-04,264.13
2007-10-03,264.26
2007-10-02,255.94
2007-10-01,256.89
2007-09-28,260.62
2007-09-27,265.74
2007-09-26,258.8
2007-09-25,243.41
2007-09-24,241.85
2007-09-21,239.11
2007-09-20,238.9
2007-09-19,246.4
2007-09-18,243.45
2007-09-17,241.02
2007-09-14,242.02
2007-09-13,246.62
2007-09-12,244.4
2007-09-11,246.96
2007-09-10,254.9
2007-09-07,268.03
2007-09-06,273.15
2007-09-05,272.02
2007-09-04,267.51
2007-09-03,269.25
2007-08-31,264.3
2007-08-30,260.06
2007-08-29,251.6
2007-08-28,252.56
2007-08-27,246.14
2007-08-24,240.02
2007-08-23,244.01
2007-08-22,255.16
2007-08-21,251.17
2007-08-20,266.04
2007-08-17,260.84
2007-08-16,267.25
2007-08-15,274.45
2007-08-14,277.05
2007-08-13,275.27
2007-08-10,276.36
2007-08-09,270.03
2007-08-08,274.32
2007-08-07,258.97
2007-08-06,258.06
2007-08-03,258.71
2007-08-02,258.41
2007-08-01,258.41
2007-07-31,271.81
2007-07-30,266.69
2007-07-27,270.07
2007-07-26,284.86
2007-07-25,277.01
2007-07-24,273.54
2007-07-23,278.7
2007-07-20,282.86
2007-07-19,283.04
2007-07-18,288.41
2007-07-17,292.14
2007-07-16,283.56
2007-07-13,290.28
2007-07-12,290.71
2007-07-11,292.83
2007-07-10,296.52
2007-07-09,295.78
2007-07-06,292.83
2007-07-05,286.68
2007-07-04,288.28
2007-07-03,290.62
2007-07-02,291.84
2007-06-29,298.25
2007-06-28,290.54
2007-06-27,286.33
2007-06-26,284.9
2007-06-25,281.34
2007-06-22,286.42
2007-06-21,290.45
2007-06-20,292.44
2007-06-19,291.36
2007-06-18,292.23
2007-06-15,292.75
2007-06-14,295.26
2007-06-13,294.39
2007-06-12,294.05
2007-06-11,299.42
2007-06-08,302.85
2007-06-07,301.55
2007-06-06,293.18
2007-06-05,296.69
2007-06-04,296.3
2007-06-01,299.29
2007-05-31,298.51
2007-05-30,298.3
2007-05-29,297.26
2007-05-28,298.99
2007-05-25,303.67
2007-05-24,294.74
2007-05-23,289.28
2007-05-22,298.95
2007-05-21,302.46
2007-05-18,306.45
2007-05-17,300.72
2007-05-16,292.66
2007-05-15,286.59
2007-05-14,286.29
2007-05-11,286.81
2007-05-10,281.95
2007-05-09,283.25
2007-05-08,287.54
2007-05-07,292.49
2007-05-04,294.09
2007-05-03,297.08
2007-05-02,289.84
2007-05-01,289.84
2007-04-30,289.84
2007-04-27,283.43
2007-04-26,282.3
2007-04-25,289.37
2007-04-24,290.93
2007-04-23,285.25
2007-04-20,290.71
2007-04-19,279.57
2007-04-18,280.35
2007-04-17,261.14
2007-04-16,267.77
2007-04-13,267.25
2007-04-12,249.39
2007-04-11,248.91
2007-04-10,251.21
2007-04-09,254.81
2007-04-06,250.43
2007-04-05,250.43
2007-04-04,249.82
2007-04-03,241.33
2007-04-02,236.3
2007-03-30,252.69
2007-03-29,260.49
2007-03-28,249.22
2007-03-27,260.66
2007-03-26,260.66
2007-03-23,262.74
2007-03-22,256.76
2007-03-21,257.58
2007-03-20,261.53
2007-03-19,263.05
2007-03-16,259.19
2007-03-15,268.64
2007-03-14,273.41
2007-03-13,277.99
2007-03-12,277.44
2007-03-09,270.83
2007-03-08,273.65
2007-03-07,268.84
2007-03-06,271.24
2007-03-05,263.7
2007-03-02,274
2007-03-01,274.3
2007-02-28,260.52
2007-02-27,287.79
2007-02-26,288.93
2007-02-23,286.53
2007-02-22,295.31
2007-02-21,302.63
2007-02-20,300.72
2007-02-19,300.2
2007-02-16,292.64
2007-02-15,292.64
2007-02-14,287.15
2007-02-13,282.76
2007-02-12,278.57
2007-02-09,286.07
2007-02-08,287.22
2007-02-07,289.71
2007-02-06,284.67
2007-02-05,282.34
2007-02-02,283.69
2007-02-01,282.28
2007-01-31,281.17
2007-01-30,286.72
2007-01-29,286.72
2007-01-26,288.26
2007-01-25,288.26
2007-01-24,286.53
2007-01-23,286.1
2007-01-22,287.67
2007-01-19,286.44
2007-01-18,283.82
2007-01-17,280.11
2007-01-16,277.23
2007-01-15,272.92
2007-01-12,273.96
2007-01-11,264
2007-01-10,255.36
2007-01-09,260.17
2007-01-08,260.62
2007-01-05,267.41
2007-01-04,269.03
2007-01-03,274.09
2007-01-02,277.16
2007-01-01,278.14
2006-12-29,278.14
2006-12-28,274.04
2006-12-27,269.68
2006-12-26,267.43
2006-12-25,262.18
2006-12-22,262.18
2006-12-21,262.22
2006-12-20,259.75
2006-12-19,261.21
2006-12-18,271.92
2006-12-15,269.77
2006-12-14,270.88
2006-12-13,254.1
2006-12-12,254.98
2006-12-11,262.29
2006-12-08,270.42
2006-12-07,273.93
2006-12-06,277.51
2006-12-05,275.32
2006-12-04,269.55
2006-12-01,274.22
2006-11-30,273.37
2006-11-29,271.61
2006-11-28,268.73
2006-11-27,278.81
2006-11-24,273.28
2006-11-23,272.93
2006-11-22,279.91
2006-11-21,278.42
2006-11-20,272.83
2006-11-17,269.75
2006-11-16,273.96
2006-11-15,273.02
2006-11-14,273.11
2006-11-13,271.55
2006-11-10,270.18
2006-11-09,260.88
2006-11-08,261.53
2006-11-07,260.32
2006-11-06,264.98
2006-11-03,261.66
2006-11-02,267.11
2006-11-01,266.99
2006-10-31,269.84
2006-10-30,276.73
2006-10-27,275.36
2006-10-26,267.84
2006-10-25,265.09
2006-10-24,265.09
2006-10-23,265.09
2006-10-20,259.74
2006-10-19,260.62
2006-10-18,263.68
2006-10-17,263.09
2006-10-16,253.51
2006-10-13,253.93
2006-10-12,252.34
2006-10-11,241.46
2006-10-10,239.05
2006-10-09,238.45
2006-10-06,239.33
2006-10-05,238.75
2006-10-04,238.97
2006-10-03,239.89
2006-10-02,238.55
2006-09-29,238.55
2006-09-28,238.06
2006-09-27,240.66
2006-09-26,241.67
2006-09-25,241.02
2006-09-22,242.13
2006-09-21,242.61
2006-09-20,240.76
2006-09-19,241.09
2006-09-18,243.49
2006-09-15,244.99
2006-09-14,244.04
2006-09-13,245.73
2006-09-12,246.49
2006-09-11,239.18
2006-09-08,244.06
2006-09-07,245.95
2006-09-06,250.72
2006-09-05,253.36
2006-09-04,254.06
2006-09-01,251.19
2006-08-31,252.16
2006-08-30,250.98
2006-08-29,251.73
2006-08-28,249.87
2006-08-25,249.16
2006-08-24,248.07
2006-08-23,245.47
2006-08-22,251.45
2006-08-21,253.25
2006-08-18,249.17
2006-08-17,255.85
2006-08-16,252.21
2006-08-15,255.81
2006-08-14,255.81
2006-08-11,253.68
2006-08-10,253.68
2006-08-09,243.95
2006-08-08,238.79
2006-08-07,236.38
2006-08-04,237.94
2006-08-03,235.39
2006-08-02,232.33
2006-08-01,223.77
2006-07-31,225.4
2006-07-28,229.19
2006-07-27,233.59
2006-07-26,235.5
2006-07-25,230.62
2006-07-24,222.47
2006-07-21,223.07
2006-07-20,239.01
2006-07-19,234.37
2006-07-18,237.34
2006-07-17,238.12
2006-07-14,241.72
2006-07-13,235.15
2006-07-12,240.74
2006-07-11,221.1
2006-07-10,224.68
2006-07-07,211.78
2006-07-06,218.94
2006-07-05,220.21
2006-07-04,214.38
2006-07-03,220.51
2006-06-30,218.81
2006-06-29,213.62
2006-06-28,205.47
2006-06-27,205.71
2006-06-26,203.5
2006-06-23,206.12
2006-06-22,202.91
2006-06-21,205.58
2006-06-20,188.95
2006-06-19,188
2006-06-16,189.41
2006-06-15,185.26
2006-06-14,176.38
2006-06-13,180.13
2006-06-12,187.89
2006-06-09,192.55
2006-06-08,178.66
2006-06-07,192.29
2006-06-06,201.46
2006-06-05,213.84
2006-06-02,220.56
2006-06-01,217.42
2006-05-31,218.61
2006-05-30,226.91
2006-05-29,221.28
2006-05-26,220.43
2006-05-25,221.54
2006-05-24,223.9
2006-05-23,226.52
2006-05-22,212.95
2006-05-19,217.51
2006-05-18,228.86
2006-05-17,237.51
2006-05-16,235.41
2006-05-15,239.24
2006-05-12,249.2
2006-05-11,249.09
2006-05-10,260.91
2006-05-09,256.48
2006-05-08,256.67
2006-05-05,253.77
2006-05-04,255.81
2006-05-03,251.43
2006-05-02,247.22
2006-04-28,249.82
2006-04-27,249.65
2006-04-26,257.57
2006-04-25,257.7
2006-04-24,267.19
2006-04-21,268.54
2006-04-20,266.02
2006-04-19,261.38
2006-04-18,282.15
2006-04-17,274.67
2006-04-14,253.97
2006-04-13,253.97
2006-04-12,256.28
2006-04-11,261.86
2006-04-10,261.86
2006-04-07,267.58
2006-04-06,277.81
2006-04-05,277.81
2006-04-04,283.06
2006-04-03,287.09
2006-03-31,283.64
2006-03-30,289.3
2006-03-29,269.55
2006-03-28,264.43
2006-03-27,262.66
2006-03-24,267.6
2006-03-23,263.26
2006-03-22,266.47
2006-03-21,268.6
2006-03-20,271.29
2006-03-17,262.34
2006-03-16,261.01
2006-03-15,264.2
2006-03-14,264.2
2006-03-13,263.85
2006-03-10,264.33
2006-03-09,260.52
2006-03-08,262.77
2006-03-07,270.94
2006-03-06,275.14
2006-03-03,268.8
2006-03-02,269.27
2006-03-01,271.42
2006-02-28,264.46
2006-02-27,266.21
2006-02-24,264.56
2006-02-23,265.72
2006-02-22,267.12
2006-02-21,263.94
2006-02-20,261.34
2006-02-17,264.55
2006-02-16,265.22
2006-02-15,263.78
2006-02-14,265.15
2006-02-13,270.68
2006-02-10,268.68
2006-02-09,266.85
2006-02-08,266.85
2006-02-07,264
2006-02-06,260.14
2006-02-03,258.63
2006-02-02,260.26
2006-02-01,264.37
2006-01-31,271.59
2006-01-30,267.21
2006-01-27,270.62
2006-01-26,265.07
2006-01-25,265.07
2006-01-24,258.26
2006-01-23,254.55
2006-01-20,262.34
2006-01-19,255.29
2006-01-18,249.65
2006-01-17,251.58
2006-01-16,253.77
2006-01-13,257.58
2006-01-12,255.53
2006-01-11,252.45
2006-01-10,252.45
2006-01-09,254.01
2006-01-06,254.23
2006-01-05,244
2006-01-04,239.46
2006-01-03,238.32
2006-01-02,233.63
2005-12-30,233.74
2005-12-29,229.75
2005-12-28,227.09
2005-12-27,226.37
2005-12-26,225.53
2005-12-23,227.91
2005-12-22,231.81
2005-12-21,232.09
2005-12-20,234.3
2005-12-19,238.66
2005-12-16,234.2
2005-12-15,234.91
2005-12-14,235.95
2005-12-13,232.59
2005-12-12,228.6
2005-12-09,227.48
2005-12-08,225.54
2005-12-07,228.06
2005-12-06,228.21
2005-12-05,227.58
2005-12-02,228.06
2005-12-01,222.53
2005-11-30,220.51
2005-11-29,222.68
2005-11-28,218.95
2005-11-25,221.12
2005-11-24,211.7
2005-11-23,218.46
2005-11-22,214.95
2005-11-21,216.51
2005-11-18,211.35
2005-11-17,214.9
2005-11-16,214.99
2005-11-14,203.63
2005-11-11,207.64
2005-11-10,200.73
2005-11-09,198.23
2005-11-08,200.86
2005-11-07,192.1
2005-11-04,189.54
2005-11-03,189.54
2005-11-02,189.54
2005-11-01,183.01
2005-10-31,181.75
2005-10-28,181.61
2005-10-27,182.47
2005-10-26,197.26
2005-10-25,205.24
2005-10-24,195.52
2005-10-21,196.82
2005-10-20,199.64
2005-10-19,199.34
2005-10-18,198.12
2005-10-17,192.46
2005-10-14,195.19
2005-10-13,196.26
2005-10-12,202.95
2005-10-11,202.95
2005-10-10,199.38
2005-10-07,196.71
2005-10-06,199.51
2005-10-05,210.11
2005-10-04,213.53
2005-10-03,203.85
2005-09-30,197.39
2005-09-29,196.58
2005-09-28,198.08
2005-09-27,201.31
2005-09-26,201.29
2005-09-23,193.83
2005-09-22,199.56
2005-09-21,203.54
2005-09-20,207.25
2005-09-19,198.19
2005-09-16,198.69
2005-09-15,202.26
2005-09-14,196.36
2005-09-13,196.8
2005-09-12,193.18
2005-09-09,190.51
2005-09-08,191.53
2005-09-07,191.1
2005-09-06,191.1
2005-09-05,192.94
2005-09-02,195.32
2005-09-01,198.23
2005-08-31,197.93
2005-08-30,195.91
2005-08-29,184.4
2005-08-26,190.16
2005-08-25,185.83
2005-08-24,184.77
2005-08-23,190.06
2005-08-22,193.96
2005-08-19,190.19
2005-08-18,190.73
2005-08-17,195.58
2005-08-16,195.35
2005-08-15,186.42
2005-08-12,186.42
2005-08-11,186.78
2005-08-10,187.39
2005-08-09,184.34
2005-08-08,186.5
2005-08-05,187.3
2005-08-04,194.79
2005-08-03,193.4
2005-08-02,186.13
2005-08-01,173.71
2005-07-29,174.99
2005-07-28,173.25
2005-07-27,173.25
2005-07-26,172.43
2005-07-25,169.14
2005-07-22,170.78
2005-07-21,170.2
2005-07-20,168.96
2005-07-19,167.84
2005-07-18,167.21
2005-07-15,163.24
2005-07-14,160.38
2005-07-13,164.11
2005-07-12,166.14
2005-07-11,166.6
2005-07-08,166.79
2005-07-07,165.19
2005-07-06,166.84
2005-07-05,164.97
2005-07-04,170.05
2005-07-01,169.64
2005-06-30,168.88
2005-06-29,165.22
2005-06-28,165.1
2005-06-27,168.95
2005-06-24,171.35
2005-06-23,167.99
2005-06-22,170.33
2005-06-21,172.59
2005-06-20,169.9
2005-06-17,163.74
2005-06-16,163.92
2005-06-15,164.06
2005-06-14,163.53
2005-06-13,161.64
2005-06-10,160.27
2005-06-09,160.49
2005-06-08,162.11
2005-06-07,159.58
2005-06-06,160.55
2005-06-03,158.76
2005-06-02,157.56
2005-06-01,156.15
2005-05-31,159.68
2005-05-30,155.63
2005-05-27,159.15
2005-05-26,163.07
2005-05-25,158.08
2005-05-24,153.22
2005-05-23,151.92
2005-05-20,148.87
2005-05-19,148.05
2005-05-18,146.59
2005-05-17,148.93
2005-05-16,150.78
2005-05-13,153.38
2005-05-12,154.07
2005-05-11,150.39
2005-05-10,154.96
2005-05-09,152.79
2005-05-06,150.54
2005-05-05,148.35
2005-05-04,147.93
2005-05-03,147.54
2005-05-02,146.7
2005-04-29,145.19
2005-04-28,150.26
2005-04-27,147.85
2005-04-26,150.62
2005-04-25,155.52
2005-04-22,160.45
2005-04-21,151.86
2005-04-20,149.35
2005-04-19,148.67
2005-04-18,155.2
2005-04-15,156.42
2005-04-14,163.09
2005-04-13,163.09
2005-04-12,160.49
2005-04-11,159.93
2005-04-08,160.68
2005-04-07,163.83
2005-04-06,164.74
2005-04-05,165.95
2005-04-04,163.72
2005-04-01,166.3
2005-03-31,161.51
2005-03-30,154.74
2005-03-29,149.26
2005-03-28,152.57
2005-03-25,151.56
2005-03-24,151.56
2005-03-23,151.01
2005-03-22,152.92
2005-03-21,155.85
2005-03-18,158.34
2005-03-17,158.37
2005-03-16,159.15
2005-03-15,158.99
2005-03-14,160.71
2005-03-11,156.43
2005-03-10,157.5
2005-03-09,154.83
2005-03-08,154.7
2005-03-07,151.73
2005-03-04,149.74
2005-03-03,146.27
2005-03-02,144.16
2005-03-01,142.93
2005-02-28,146.83
2005-02-25,143.12
2005-02-24,141.41
2005-02-23,144.45
2005-02-22,145.77
2005-02-21,147.53
2005-02-18,149
2005-02-17,148.74
2005-02-16,151.97
2005-02-15,152.17
2005-02-14,155.26
2005-02-11,152.23
2005-02-10,149.78
2005-02-09,149.35
2005-02-08,148.37
2005-02-07,147.54
2005-02-04,150.56
2005-02-03,147.87
2005-02-02,146.59
2005-02-01,144.41
2005-01-31,143.36
2005-01-28,141.85
2005-01-27,139.98
2005-01-26,140.3
2005-01-25,140.3
2005-01-24,139
2005-01-21,136.62
2005-01-20,136.62
2005-01-19,134.19
2005-01-18,134.91
2005-01-17,131.03
2005-01-14,132.66
2005-01-13,136.56
2005-01-12,135.01
2005-01-11,135.71
2005-01-10,135.34
2005-01-07,141.52
2005-01-06,139.55
2005-01-05,145.19
2005-01-04,150.58
2005-01-03,151.66