Date,price
2014-10-24,3796.05
2014-10-23,3796.05
2014-10-22,3796.05
2014-10-21,3772.95
2014-10-20,3812.35
2014-10-17,3851.65
2014-10-16,3865.3
2014-10-15,3888.3
2014-10-14,3888.3
2014-10-13,3912.36
2014-10-10,3858.88
2014-10-09,3618.88
2014-10-08,3622.2
2014-10-07,3801.97
2014-10-06,3817.84
2014-10-03,3817.84
2014-10-02,3817.84
2014-10-01,3817.84
2014-09-30,3719.06
2014-09-29,3720.35
2014-09-26,3651.97
2014-09-25,3662.74
2014-09-24,3616.89
2014-09-23,3579.48
2014-09-22,3622.65
2014-09-19,3673.71
2014-09-18,3668.69
2014-09-17,3712.41
2014-09-16,3623.29
2014-09-15,3613.42
2014-09-12,3641.8
2014-09-11,3655.94
2014-09-10,3639.22
2014-09-09,3707.45
2014-09-08,3752.7
2014-09-05,3702.19
2014-09-04,3680.35
2014-09-03,3705.66
2014-09-02,3586.08
2014-09-01,3572.09
2014-08-29,3571.25
2014-08-28,3571.25
2014-08-27,3602.75
2014-08-26,3596.4
2014-08-25,3600.02
2014-08-22,3573.43
2014-08-21,3521.78
2014-08-20,3527.34
2014-08-19,3520.64
2014-08-18,3532.54
2014-08-15,3584.89
2014-08-14,3584.89
2014-08-13,3580.77
2014-08-12,3549.41
2014-08-11,3546.14
2014-08-08,3455.99
2014-08-07,3480.5
2014-08-06,3548.47
2014-08-05,3486.1
2014-08-04,3439.02
2014-08-01,3315.72
2014-07-31,3341.87
2014-07-30,3346.38
2014-07-29,3345.29
2014-07-28,3345.29
2014-07-25,3326.53
2014-07-24,3356.35
2014-07-23,3323.66
2014-07-22,3208.94
2014-07-21,3176.19
2014-07-18,3226.65
2014-07-17,3214.5
2014-07-16,3204.87
2014-07-15,3200.95
2014-07-14,3200.56
2014-07-11,3301.18
2014-07-10,3267.49
2014-07-09,3285
2014-07-08,3316.56
2014-07-07,3319.84
2014-07-04,3221.1
2014-07-03,3186.12
2014-07-02,3190.68
2014-07-01,3196.39
2014-06-30,3230.62
2014-06-27,3198.72
2014-06-26,3158.13
2014-06-25,3186.66
2014-06-24,3179.27
2014-06-23,3207.8
2014-06-20,3291.21
2014-06-19,3286.54
2014-06-18,3215.69
2014-06-17,3221.99
2014-06-16,3219.31
2014-06-13,3162.6
2014-06-12,3150.74
2014-06-11,3168.9
2014-06-10,3051.61
2014-06-09,2962.59
2014-06-06,2980.06
2014-06-05,3017.87
2014-06-04,2961.65
2014-06-03,2994.1
2014-06-02,2970.23
2014-05-30,2916.89
2014-05-29,2902.11
2014-05-28,3106.33
2014-05-27,3067.91
2014-05-26,3029.54
2014-05-23,3004.77
2014-05-22,3048.19
2014-05-21,3090.48
2014-05-20,3056.31
2014-05-19,2951.42
2014-05-16,3110.49
2014-05-15,3203.39
2014-05-14,3185.43
2014-05-13,3196.34
2014-05-12,3108.1
2014-05-09,3045.79
2014-05-08,3000.61
2014-05-07,3002.62
2014-05-06,3098.36
2014-05-05,3109.86
2014-05-02,3151.75
2014-05-01,3113.67
2014-04-30,3113.67
2014-04-29,3110.69
2014-04-28,3110.98
2014-04-25,3108.58
2014-04-24,3105.7
2014-04-23,3105.7
2014-04-22,3084.16
2014-04-21,3115.78
2014-04-18,3124.69
2014-04-17,3124.69
2014-04-16,3090.67
2014-04-15,3191.01
2014-04-14,3166.88
2014-04-11,3166.88
2014-04-10,3133.64
2014-04-09,3185.87
2014-04-08,3223.9
2014-04-07,3223.9
2014-04-04,3246.07
2014-04-03,3267.7
2014-04-02,3251.94
2014-04-01,3244.01
2014-03-31,3213.52
2014-03-28,3193.75
2014-03-27,3162.86
2014-03-26,3180.34
2014-03-25,3185.72
2014-03-24,3206.67
2014-03-21,3235.89
2014-03-20,3233.35
2014-03-19,3202.71
2014-03-18,3279.84
2014-03-17,3322.52
2014-03-14,3322.52
2014-03-13,3286.74
2014-03-12,3593.82
2014-03-11,3597.79
2014-03-10,3594.12
2014-03-07,3661.37
2014-03-06,3751.03
2014-03-05,3741.05
2014-03-04,3719.37
2014-03-03,3718.09
2014-02-28,3744.13
2014-02-27,3727.15
2014-02-26,3727.15
2014-02-25,3703.07
2014-02-24,3670.77
2014-02-21,3671.55
2014-02-20,3632.93
2014-02-19,3674.19
2014-02-18,3604.3
2014-02-17,3580.95
2014-02-14,3567.39
2014-02-13,3510.13
2014-02-12,3524.13
2014-02-11,3520.36
2014-02-10,3498.38
2014-02-07,3491.28
2014-02-06,3488.49
2014-02-05,3505.67
2014-02-04,3485.95
2014-02-03,3552.56
2014-01-31,3623
2014-01-30,3626.08
2014-01-29,3639.34
2014-01-28,3597.54
2014-01-27,3653.44
2014-01-24,3678.84
2014-01-23,3712.47
2014-01-22,3686.43
2014-01-21,3679.04
2014-01-20,3670.18
2014-01-17,3651.04
2014-01-16,3646.44
2014-01-15,3633.71
2014-01-14,3608.95
2014-01-13,3587.66
2014-01-10,3476.31
2014-01-09,3377.98
2014-01-08,3355.76
2014-01-07,3384.19
2014-01-06,3443.66
2014-01-03,3489.91
2014-01-02,3407.1
2014-01-01,3394.81
2013-12-31,3412.09
2013-12-30,3428.44
2013-12-27,3486.15
2013-12-26,3446.35
2013-12-25,3412.83
2013-12-24,3412.83
2013-12-23,3395.25
2013-12-20,3476.41
2013-12-19,3438.13
2013-12-18,3384.49
2013-12-17,3383.41
2013-12-16,3379.4
2013-12-13,3302.65
2013-12-12,3292.86
2013-12-11,3303.14
2013-12-10,3299.71
2013-12-09,3268.34
2013-12-06,3255.62
2013-12-05,3280.58
2013-12-04,3294.33
2013-12-03,3278.08
2013-12-02,3268.24
2013-11-29,3283.76
2013-11-28,3257.57
2013-11-27,3223.8
2013-11-26,3246.22
2013-11-25,3255.81
2013-11-22,3276.96
2013-11-21,3273.77
2013-11-20,3330.4
2013-11-19,3370.29
2013-11-18,3332.26
2013-11-15,3283.46
2013-11-14,3283.46
2013-11-13,3261.73
2013-11-12,3266.43
2013-11-11,3291.64
2013-11-08,3289.14
2013-11-07,3286.74
2013-11-06,3236.38
2013-11-05,3196.93
2013-11-04,3207.55
2013-11-01,3207.55
2013-10-31,3240.05
2013-10-30,3253.75
2013-10-29,3265.21
2013-10-28,3253.31
2013-10-25,3261.24
2013-10-24,3238.92
2013-10-23,3254.64
2013-10-22,3271.82
2013-10-21,3265.06
2013-10-18,3244.6
2013-10-17,3199.52
2013-10-16,3264.43
2013-10-15,3264.43
2013-10-14,3234.8
2013-10-11,3186.29
2013-10-10,3043.35
2013-10-09,3026.07
2013-10-08,2952.41
2013-10-07,2940.44
2013-10-04,2935.14
2013-10-03,2955.33
2013-10-02,2933.78
2013-10-01,2933.78
2013-09-30,2931.83
2013-09-27,2925.61
2013-09-26,2931.15
2013-09-25,2928.57
2013-09-24,2933.88
2013-09-23,2938.06
2013-09-20,2914.46
2013-09-19,2937.67
2013-09-18,2935.87
2013-09-17,2941.17
2013-09-16,2912.76
2013-09-13,2946.48
2013-09-12,2983.26
2013-09-11,3035.07
2013-09-10,3073.8
2013-09-09,2947.45
2013-09-06,2947.45
2013-09-05,2923.85
2013-09-04,3028.85
2013-09-03,2951.98
2013-09-02,3002.77
2013-08-30,3022.18
2013-08-29,3020.97
2013-08-28,3032.3
2013-08-27,2973.72
2013-08-26,2949.06
2013-08-23,2919.86
2013-08-22,2938.84
2013-08-21,2879.04
2013-08-20,2925.65
2013-08-19,2924.05
2013-08-16,2898.16
2013-08-15,2986.96
2013-08-14,2986.96
2013-08-13,3000.53
2013-08-12,2924.44
2013-08-09,2884.69
2013-08-08,2884.69
2013-08-07,2883.52
2013-08-06,2906.87
2013-08-05,2927.99
2013-08-02,2927.75
2013-08-01,2894.52
2013-07-31,2889.65
2013-07-30,2876.08
2013-07-29,2842.51
2013-07-26,2834.82
2013-07-25,2836.76
2013-07-24,2830.25
2013-07-23,2823.77
2013-07-22,2799.25
2013-07-19,2770.74
2013-07-18,2725.3
2013-07-17,2676.75
2013-07-16,2655.29
2013-07-15,2668.81
2013-07-12,2728.66
2013-07-11,2460.24
2013-07-10,2433.77
2013-07-09,2430.9
2013-07-08,2401.66
2013-07-05,2390.03
2013-07-04,2401.51
2013-07-03,2339.73
2013-07-02,2339.19
2013-07-01,2384.97
2013-06-28,2431.53
2013-06-27,2415.92
2013-06-26,2334.76
2013-06-25,2309.95
2013-06-24,2316.27
2013-06-21,2353.59
2013-06-20,2305.28
2013-06-19,2372.66
2013-06-18,2380.64
2013-06-17,2357.34
2013-06-14,2330.43
2013-06-13,2315.79
2013-06-12,2356.12
2013-06-11,2408.81
2013-06-10,2419.76
2013-06-07,2380.89
2013-06-06,2364.2
2013-06-05,2394.95
2013-06-04,2428.66
2013-06-03,2446.37
2013-05-31,2346.73
2013-05-30,2278.37
2013-05-29,2262.76
2013-05-28,2276.03
2013-05-27,2282.28
2013-05-24,2258.43
2013-05-23,2269.92
2013-05-22,2294.4
2013-05-21,2306.23
2013-05-20,2281.66
2013-05-17,2262.13
2013-05-16,2243.71
2013-05-15,2270.5
2013-05-14,2260.5
2013-05-13,2250.44
2013-05-10,2281.18
2013-05-09,2271.41
2013-05-08,2265.35
2013-05-07,2259.29
2013-05-06,2251.89
2013-05-03,2220
2013-05-02,2199.56
2013-05-01,2150.26
2013-04-30,2150.26
2013-04-29,2144.35
2013-04-26,2127.71
2013-04-25,2142.81
2013-04-24,2176.04
2013-04-23,2176.04
2013-04-22,2159.02
2013-04-19,2208.22
2013-04-18,2208.22
2013-04-17,2196.82
2013-04-16,2208.75
2013-04-15,2249.91
2013-04-12,2209.13
2013-04-11,2807.14
2013-04-10,2708.35
2013-04-09,2660.93
2013-04-08,2723.98
2013-04-05,2756.64
2013-04-04,2769.96
2013-04-03,2855.33
2013-04-02,2855.91
2013-04-01,2832
2013-03-29,2779.24
2013-03-28,2779.24
2013-03-27,2745.77
2013-03-26,2745.77
2013-03-25,2744.04
2013-03-22,2754.09
2013-03-21,2763.32
2013-03-20,2756.45
2013-03-19,2747.17
2013-03-18,2751.73
2013-03-15,2768.57
2013-03-14,2764.58
2013-03-13,2754.33
2013-03-12,2806.9
2013-03-11,2833.49
2013-03-08,2857.06
2013-03-07,2889.86
2013-03-06,2856.92
2013-03-05,2809.98
2013-03-04,2792.81
2013-03-01,2802.76
2013-02-28,2796.22
2013-02-27,2799.64
2013-02-26,2847.01
2013-02-25,2806.61
2013-02-22,2732.3
2013-02-21,2700.8
2013-02-20,2712.01
2013-02-19,2712.97
2013-02-18,2674.16
2013-02-15,2682.33
2013-02-14,2705.56
2013-02-13,2683.25
2013-02-12,2650.25
2013-02-11,2685.65
2013-02-08,2683.15
2013-02-07,2683.2
2013-02-06,2670.21
2013-02-05,2650.88
2013-02-04,2662.13
2013-02-01,2665.36
2013-01-31,2683.2
2013-01-30,2684.31
2013-01-29,2692.34
2013-01-28,2703.54
2013-01-25,2707.39
2013-01-24,2691.57
2013-01-23,2683.3
2013-01-22,2677.48
2013-01-21,2689.74
2013-01-18,2681.8
2013-01-17,2691.33
2013-01-16,2661.99
2013-01-15,2680.84
2013-01-14,2699.55
2013-01-11,2608.75
2013-01-10,2233.8
2013-01-09,2242.17
2013-01-08,2254.68
2013-01-07,2284.3
2013-01-04,2260.01
2013-01-03,2248.81
2013-01-02,2221.2
2013-01-01,2220.87
2012-12-31,2230.34
2012-12-28,2234.67
2012-12-27,2200.57
2012-12-26,2227.02
2012-12-25,2233.8
2012-12-24,2233.8
2012-12-21,2209.32
2012-12-20,2211.97
2012-12-19,2208.65
2012-12-18,2184.46
2012-12-17,2179.89
2012-12-14,2191.96
2012-12-13,2196.53
2012-12-12,2210.24
2012-12-11,2206.63
2012-12-10,2225.39
2012-12-07,2232.7
2012-12-06,2249.19
2012-12-05,2291.71
2012-12-04,2344.56
2012-12-03,2346.2
2012-11-30,2343.99
2012-11-29,2352.07
2012-11-28,2376.5
2012-11-27,2376.5
2012-11-26,2325.28
2012-11-23,2286.95
2012-11-22,2291.81
2012-11-21,2260.3
2012-11-20,2236.16
2012-11-19,2268.67
2012-11-16,2254.05
2012-11-15,2208.79
2012-11-14,2269.06
2012-11-13,2269.06
2012-11-12,2269.06
2012-11-09,2259.2
2012-11-08,2284.78
2012-11-07,2312.77
2012-11-06,2290.89
2012-11-05,2287.81
2012-11-02,2297.1
2012-11-01,2274.54
2012-10-31,2272.95
2012-10-30,2268.48
2012-10-29,2246.5
2012-10-26,2255.4
2012-10-25,2255.4
2012-10-24,2263.43
2012-10-23,2263.43
2012-10-22,2294.64
2012-10-19,2292.53
2012-10-18,2287
2012-10-17,2265.4
2012-10-16,2251.59
2012-10-15,2261.05
2012-10-12,2289.49
2012-10-11,2421.25
2012-10-10,2393.48
2012-10-09,2424.16
2012-10-08,2378.23
2012-10-05,2415.18
2012-10-04,2461.82
2012-10-03,2464.3
2012-10-02,2494.32
2012-10-01,2494.32
2012-09-28,2422.92
2012-09-27,2436.68
2012-09-26,2474.87
2012-09-25,2483.23
2012-09-24,2485.24
2012-09-21,2478.69
2012-09-20,2501.53
2012-09-19,2485.86
2012-09-18,2485.86
2012-09-17,2451.16
2012-09-14,2515.77
2012-09-13,2442.13
2012-09-12,2427.46
2012-09-11,2417.71
2012-09-10,2401.32
2012-09-07,2377.33
2012-09-06,2314.96
2012-09-05,2236.06
2012-09-04,2256.46
2012-09-03,2260.57
2012-08-31,2257.28
2012-08-30,2286.95
2012-08-29,2282.75
2012-08-28,2314.15
2012-08-27,2305.31
2012-08-24,2336.75
2012-08-23,2367.72
2012-08-22,2326.05
2012-08-21,2302.53
2012-08-20,2247.15
2012-08-17,2247.15
2012-08-16,2213.12
2012-08-15,2226.4
2012-08-14,2226.4
2012-08-13,2217.56
2012-08-10,2210.82
2012-08-09,2181.19
2012-08-08,2182.68
2012-08-07,2153.72
2012-08-06,2118.83
2012-08-03,2110.9
2012-08-02,2108.27
2012-08-01,2120.5
2012-07-31,2128.53
2012-07-30,2112.04
2012-07-27,2053.69
2012-07-26,2029.94
2012-07-25,2072.71
2012-07-24,2072.81
2012-07-23,2092.35
2012-07-20,2120.69
2012-07-19,2145.97
2012-07-18,2082.6
2012-07-17,2075.29
2012-07-16,2075.34
2012-07-13,2131.25
2012-07-12,2164.32
2012-07-11,2361.79
2012-07-10,2350.71
2012-07-09,2330.2
2012-07-06,2336.61
2012-07-05,2370.64
2012-07-04,2369.82
2012-07-03,2380.48
2012-07-02,2388.94
2012-06-29,2398.31
2012-06-28,2363.99
2012-06-27,2359.02
2012-06-26,2332.55
2012-06-25,2359.07
2012-06-22,2365.09
2012-06-21,2381.2
2012-06-20,2360.93
2012-06-19,2367.53
2012-06-18,2400.7
2012-06-15,2411.07
2012-06-14,2387.89
2012-06-13,2360.93
2012-06-12,2349.42
2012-06-11,2318.45
2012-06-08,2312.33
2012-06-07,2344.54
2012-06-06,2308.75
2012-06-05,2283.27
2012-06-04,2280.17
2012-06-01,2283.61
2012-05-31,2321.98
2012-05-30,2324.8
2012-05-29,2303.01
2012-05-28,2280.36
2012-05-25,2267.98
2012-05-24,2275.58
2012-05-23,2223.39
2012-05-22,2216.67
2012-05-21,2216.06
2012-05-18,2256.2
2012-05-17,2244.56
2012-05-16,2242.57
2012-05-15,2286.83
2012-05-14,2214.64
2012-05-11,2188.45
2012-05-10,2219.61
2012-05-09,2240.48
2012-05-08,2266.66
2012-05-07,2308.04
2012-05-04,2312.16
2012-05-03,2350.93
2012-05-02,2340.61
2012-05-01,2328.21
2012-04-30,2331.24
2012-04-27,2263.92
2012-04-26,2230.97
2012-04-25,2225.05
2012-04-24,2224.67
2012-04-23,2188.08
2012-04-20,2279.45
2012-04-19,2277.55
2012-04-18,2245.22
2012-04-17,2254.17
2012-04-16,2238.87
2012-04-13,2274.85
2012-04-12,2604.45
2012-04-11,2655.35
2012-04-10,2624.1
2012-04-09,2672.72
2012-04-06,2699.56
2012-04-05,2699.56
2012-04-04,2699.56
2012-04-03,2706.52
2012-04-02,2698.71
2012-03-30,2713.96
2012-03-29,2643.61
2012-03-28,2691.99
2012-03-27,2723.05
2012-03-26,2680.3
2012-03-23,2720.02
2012-03-22,2677.98
2012-03-21,2714.9
2012-03-20,2680.86
2012-03-19,2686.69
2012-03-16,2712.68
2012-03-15,2728.73
2012-03-14,2725.84
2012-03-13,2707.8
2012-03-12,2667.66
2012-03-09,2703.54
2012-03-08,2704.82
2012-03-07,2730.57
2012-03-06,2700.84
2012-03-05,2660.51
2012-03-02,2694.45
2012-03-01,2704.82
2012-02-29,2730.2
2012-02-28,2719.73
2012-02-27,2730.1
2012-02-24,2791.36
2012-02-23,2777.25
2012-02-22,2795.34
2012-02-21,2782.08
2012-02-20,2791.13
2012-02-17,2791.13
2012-02-16,2754.34
2012-02-15,2711.87
2012-02-14,2652.17
2012-02-13,2640.2
2012-02-10,2642.09
2012-02-09,2660.55
2012-02-08,2621.97
2012-02-07,2582.53
2012-02-06,2629.5
2012-02-03,2635.32
2012-02-02,2610.47
2012-02-01,2596.93
2012-01-31,2600.05
2012-01-30,2568.14
2012-01-27,2580.17
2012-01-26,2524.11
2012-01-25,2524.11
2012-01-24,2481.5
2012-01-23,2462.09
2012-01-20,2451.21
2012-01-19,2456.79
2012-01-18,2473.22
2012-01-17,2520.56
2012-01-16,2499.83
2012-01-13,2446.85
2012-01-12,2450.68
2012-01-11,2676.37
2012-01-10,2711.4
2012-01-09,2685.79
2012-01-06,2681.62
2012-01-05,2689.2
2012-01-04,2702.69
2012-01-03,2712.06
2012-01-02,2659.65
2011-12-30,2620.55
2011-12-29,2596.36
2011-12-28,2634.14
2011-12-27,2612.74
2011-12-26,2628.31
2011-12-23,2551.52
2011-12-22,2576.24
2011-12-21,2597.21
2011-12-20,2526.91
2011-12-19,2534.15
2011-12-16,2579.69
2011-12-15,2571.98
2011-12-14,2594.61
2011-12-13,2605.92
2011-12-12,2594.61
2011-12-09,2566.25
2011-12-08,2578.7
2011-12-07,2612.31
2011-12-06,2557.58
2011-12-05,2557.58
2011-12-02,2550.96
2011-12-01,2514.22
2011-11-30,2468.3
2011-11-29,2459.87
2011-11-28,2496.04
2011-11-25,2461.53
2011-11-24,2524.49
2011-11-23,2511.66
2011-11-22,2579.22
2011-11-21,2528.18
2011-11-18,2595.13
2011-11-17,2607.15
2011-11-16,2630.63
2011-11-15,2649.57
2011-11-14,2659.51
2011-11-11,2628.17
2011-11-09,2684.6
2011-11-08,2691.04
2011-11-04,2675.75
2011-11-03,2653.17
2011-11-02,2683.75
2011-11-01,2685.84
2011-10-31,2724.61
2011-10-28,2706.71
2011-10-26,2687.78
2011-10-25,2706.76
2011-10-24,2620.22
2011-10-21,2577.94
2011-10-20,2601.52
2011-10-19,2568.57
2011-10-18,2543.9
2011-10-17,2586.27
2011-10-14,2583.63
2011-10-13,2539.33
2011-10-12,2522.99
2011-10-11,2358.39
2011-10-10,2438.81
2011-10-07,2362.3
2011-10-05,2304.15
2011-10-04,2296.2
2011-10-03,2331.41
2011-09-30,2385.23
2011-09-29,2402.23
2011-09-28,2326.09
2011-09-27,2301.52
2011-09-26,2217.57
2011-09-23,2202.32
2011-09-22,2215.31
2011-09-21,2293.51
2011-09-20,2294.36
2011-09-19,2224.77
2011-09-16,2255.38
2011-09-15,2269.27
2011-09-14,2214.42
2011-09-13,2092.38
2011-09-12,2070.16
2011-09-09,2141.58
2011-09-08,2201.99
2011-09-07,2157.73
2011-09-06,2168.18
2011-09-05,2132.92
2011-09-02,2183.86
2011-08-30,2206.22
2011-08-29,2162.25
2011-08-26,2074.02
2011-08-25,2055.98
2011-08-24,2119.55
2011-08-23,2144.07
2011-08-22,2066.53
2011-08-19,2094.87
2011-08-18,2216.72
2011-08-17,2306.04
2011-08-16,2259.29
2011-08-12,2236.59
2011-08-11,2298.18
2011-08-10,2304.3
2011-08-09,2235.98
2011-08-08,2326.33
2011-08-05,2439.99
2011-08-04,2551.05
2011-08-03,2573.13
2011-08-02,2590.41
2011-08-01,2650.82
2011-07-29,2613.91
2011-07-28,2590.56
2011-07-27,2633.45
2011-07-26,2638.3
2011-07-25,2643.9
2011-07-22,2663.2
2011-07-21,2606.56
2011-07-20,2591.83
2011-07-19,2589.99
2011-07-18,2555.06
2011-07-15,2571.96
2011-07-14,2580.43
2011-07-13,2615.23
2011-07-12,2628.64
2011-07-11,2750.68
2011-07-08,2802.85
2011-07-07,2820.88
2011-07-06,2781.33
2011-07-05,2783.92
2011-07-04,2767.44
2011-07-01,2762.92
2011-06-30,2740.61
2011-06-29,2713.58
2011-06-28,2698.09
2011-06-27,2703.51
2011-06-24,2693.05
2011-06-23,2616.92
2011-06-22,2594.27
2011-06-21,2568
2011-06-20,2551.43
2011-06-17,2608.02
2011-06-16,2636.88
2011-06-15,2670.12
2011-06-14,2704.68
2011-06-13,2709.67
2011-06-10,2695.31
2011-06-09,2694.51
2011-06-08,2704.12
2011-06-07,2723.75
2011-06-06,2672.29
2011-06-03,2651.86
2011-06-02,2639.47
2011-06-01,2647.48
2011-05-31,2623.09
2011-05-30,2618.33
2011-05-27,2624.83
2011-05-26,2614.52
2011-05-25,2607.08
2011-05-24,2659.29
2011-05-23,2652.33
2011-05-20,2664.3
2011-05-19,2661.12
2011-05-18,2657.42
2011-05-17,2658.97
2011-05-16,2664.81
2011-05-13,2690.94
2011-05-12,2693.65
2011-05-11,2716.84
2011-05-10,2692.53
2011-05-09,2719.17
2011-05-06,2704.64
2011-05-05,2663.03
2011-05-04,2682.9
2011-05-03,2721.51
2011-05-02,2732.26
2011-04-29,2717.02
2011-04-28,2738.43
2011-04-27,2760.87
2011-04-26,2750.77
2011-04-25,2749.79
2011-04-21,2720.53
2011-04-20,2718.01
2011-04-19,2699.35
2011-04-18,2716.88
2011-04-15,2794.85
2011-04-13,3090.93
2011-04-11,3030.54
2011-04-08,3017.17
2011-04-07,3034.56
2011-04-06,3061.9
2011-04-05,3069.48
2011-04-04,3069.38
2011-04-01,3008.62
2011-03-31,3030.26
2011-03-30,2964.44
2011-03-29,2966.73
2011-03-28,2935.13
2011-03-25,2957.1
2011-03-24,2807.29
2011-03-23,2798.45
2011-03-22,2751.43
2011-03-21,2732.03
2011-03-18,2749.61
2011-03-17,2784.76
2011-03-16,2833.56
2011-03-15,2832.86
2011-03-14,2898.91
2011-03-11,2855.06
2011-03-10,2889.04
2011-03-09,2893.95
2011-03-08,2913.4
2011-03-07,2844.59
2011-03-04,2862.82
2011-03-03,2829.07
2011-03-01,2881.7
2011-02-28,2801.96
2011-02-25,2811.49
2011-02-24,2812.9
2011-02-23,2878.34
2011-02-22,2937.28
2011-02-21,2959.16
2011-02-18,2898.44
2011-02-17,2910.64
2011-02-16,2900.96
2011-02-15,2904.28
2011-02-14,2902.41
2011-02-11,2842.86
2011-02-10,2854.41
2011-02-09,2926.86
2011-02-08,2894.98
2011-02-07,2886.43
2011-02-04,2849.45
2011-02-03,2914.61
2011-02-02,2888.11
2011-02-01,2888.06
2011-01-31,2914.71
2011-01-28,2961.87
2011-01-27,2988.75
2011-01-25,3047.41
2011-01-24,3070.79
2011-01-21,3032.64
2011-01-20,3081.3
2011-01-19,3038.02
2011-01-18,3106.64
2011-01-17,3055.97
2011-01-14,2995.67
2011-01-13,2996.51
2011-01-12,3157.4
2011-01-11,3109.16
2011-01-10,3174.65
2011-01-07,3151.28
2011-01-06,3251.69
2011-01-05,3234.35
2011-01-04,3254.77
2011-01-03,3233.18
2010-12-31,3218.59
2010-12-30,3222.52
2010-12-29,3183.21
2010-12-28,3162.41
2010-12-27,3157.03
2010-12-24,3150.72
2010-12-23,3148.62
2010-12-22,3115.52
2010-12-21,3112.48
2010-12-20,3131.83
2010-12-16,3078.87
2010-12-15,2994.87
2010-12-14,2952.99
2010-12-13,2940.51
2010-12-10,2939.53
2010-12-09,2946.26
2010-12-08,2927.28
2010-12-07,2971.64
2010-12-06,2938.73
2010-12-03,2921.53
2010-12-02,2896.76
2010-12-01,2853.66
2010-11-30,2852.35
2010-11-29,2864.46
2010-11-26,2843.98
2010-11-25,2864.83
2010-11-24,2800.84
2010-11-23,2815.98
2010-11-22,2845.52
2010-11-19,2770.83
2010-11-18,2808.36
2010-11-16,2777.51
2010-11-15,2832.76
2010-11-12,2802.66
2010-11-11,2855.76
2010-11-10,2881.94
2010-11-09,2860.58
2010-11-08,2819.53
2010-11-05,2878.43
2010-11-04,2876.8
2010-11-03,2827.43
2010-11-02,2829.96
2010-11-01,2806.21
2010-10-29,2778.21
2010-10-28,2777.42
2010-10-27,2786.16
2010-10-26,2817.62
2010-10-25,2822.57
2010-10-22,2854.36
2010-10-21,2836.88
2010-10-20,2812.71
2010-10-19,2804.88
2010-10-18,2895.13
2010-10-15,2866.47
2010-10-14,2967.99
2010-10-13,2937.8
2010-10-12,2865.45
2010-10-11,2864.75
2010-10-08,2866.47
2010-10-07,2845.18
2010-10-06,2892.1
2010-10-05,2874.3
2010-10-04,2868.48
2010-10-01,2890.56
2010-09-30,2842.43
2010-09-29,2824.31
2010-09-28,2810.85
2010-09-27,2825.76
2010-09-24,2841.13
2010-09-23,2816.72
2010-09-22,2808.7
2010-09-21,2850.49
2010-09-20,2803.39
2010-09-17,2767.56
2010-09-16,2763.65
2010-09-15,2844.62
2010-09-14,2772.64
2010-09-13,2736.58
2010-09-09,2697.54
2010-09-08,2683
2010-09-07,2669.54
2010-09-06,2638.51
2010-09-03,2588.01
2010-09-02,2565.23
2010-09-01,2586.8
2010-08-31,2528.75
2010-08-30,2516.26
2010-08-27,2525.07
2010-08-26,2577.01
2010-08-25,2581.9
2010-08-24,2576.64
2010-08-23,2611.96
2010-08-20,2580.69
2010-08-19,2613.31
2010-08-18,2615.78
2010-08-17,2562.9
2010-08-16,2573.52
2010-08-13,2587.82
2010-08-12,2583.58
2010-08-11,2619.18
2010-08-10,2636.09
2010-08-09,2678.58
2010-08-06,2668.47
2010-08-05,2673.55
2010-08-04,2678.44
2010-08-03,2594.39
2010-08-02,2606.18
2010-07-30,2598.21
2010-07-29,2639.91
2010-07-28,2638.93
2010-07-27,2635.86
2010-07-26,2613.17
2010-07-23,2596.39
2010-07-22,2566.62
2010-07-21,2582.6
2010-07-20,2571.42
2010-07-19,2581.49
2010-07-16,2587.59
2010-07-15,2571.38
2010-07-14,2555.81
2010-07-13,2605.99
2010-07-12,2698.38
2010-07-09,2677.79
2010-07-08,2635.58
2010-07-07,2592.01
2010-07-06,2595.14
2010-07-05,2556.33
2010-07-02,2541.47
2010-07-01,2578.32
2010-06-30,2600.63
2010-06-29,2603.01
2010-06-28,2617.41
2010-06-25,2588.24
2010-06-24,2630.17
2010-06-23,2606.92
2010-06-22,2578.36
2010-06-21,2609.77
2010-06-18,2596.16
2010-06-17,2576.27
2010-06-16,2580.51
2010-06-15,2548.17
2010-06-14,2559.08
2010-06-11,2451.31
2010-06-10,2465.1
2010-06-09,2445.91
2010-06-08,2473.44
2010-06-07,2489.42
2010-06-04,2542.82
2010-06-03,2513.98
2010-06-02,2460.17
2010-06-01,2445.35
2010-05-31,2476.71
2010-05-28,2494.83
2010-05-27,2463.05
2010-05-26,2442.28
2010-05-25,2346.63
2010-05-24,2408.69
2010-05-21,2391.41
2010-05-20,2409.01
2010-05-19,2410.96
2010-05-18,2435.36
2010-05-17,2423.46
2010-05-14,2456.39
2010-05-13,2506.64
2010-05-12,2483.99
2010-05-11,2464.59
2010-05-10,2478.44
2010-05-07,2423.93
2010-05-06,2462.18
2010-05-05,2494.46
2010-05-04,2469.59
2010-05-03,2496.22
2010-04-30,2536.28
2010-04-29,2509.42
2010-04-28,2500.48
2010-04-27,2535.63
2010-04-26,2537.02
2010-04-23,2525.91
2010-04-22,2517.99
2010-04-21,2512.48
2010-04-20,2526.23
2010-04-19,2549.02
2010-04-16,2583.01
2010-04-15,2595.05
2010-04-13,2572.27
2010-04-12,2485.29
2010-04-09,2478.9
2010-04-08,2467.37
2010-04-07,2448.84
2010-04-06,2455.79
2010-04-05,2480.52
2010-04-01,2473.57
2010-03-31,2423.09
2010-03-30,2449.17
2010-03-29,2516.37
2010-03-26,2570.28
2010-03-25,2606.49
2010-03-23,2570.88
2010-03-22,2554.11
2010-03-19,2567.96
2010-03-18,2582.09
2010-03-17,2536.42
2010-03-16,2530.91
2010-03-15,2502.1
2010-03-12,2476.17
2010-03-11,2485.15
2010-03-10,2463.2
2010-03-09,2486.08
2010-03-08,2463.48
2010-03-05,2441.39
2010-03-04,2430.36
2010-03-03,2469.68
2010-03-02,2446.29
2010-02-26,2410.12
2010-02-25,2424.39
2010-02-24,2386.36
2010-02-23,2391
2010-02-22,2379
2010-02-19,2345.7
2010-02-18,2346.86
2010-02-17,2332.96
2010-02-16,2354.08
2010-02-15,2314.44
2010-02-11,2314.25
2010-02-10,2285.08
2010-02-09,2291.42
2010-02-08,2226.4
2010-02-05,2179.25
2010-02-04,2244.51
2010-02-03,2286.88
2010-02-02,2254.74
2010-02-01,2343.48
2010-01-29,2315.69
2010-01-28,2313.84
2010-01-27,2317.91
2010-01-26,2440.74
2010-01-25,2352.74
2010-01-22,2379.56
2010-01-21,2431.47
2010-01-20,2466.21
2010-01-19,2440.74
2010-01-18,2488.3
2010-01-15,2477.79
2010-01-14,2490.94
2010-01-13,2481.49
2010-01-12,2391.18
2010-01-11,2312.59
2010-01-08,2283.27
2010-01-07,2335.14
2010-01-06,2389.79
2010-01-05,2424.99
2010-01-04,2419.25
2010-01-01,2412.67
2009-12-31,2412.67
2009-12-30,2386.09
2009-12-29,2386.83
2009-12-28,2406.19
2009-12-25,2406.19
2009-12-24,2406.19
2009-12-23,2394.75
2009-12-22,2322.82
2009-12-21,2317.91
2009-12-18,2345.33
2009-12-17,2369.23
2009-12-16,2365.71
2009-12-15,2321.99
2009-12-14,2311.06
2009-12-11,2272.62
2009-12-10,2274.93
2009-12-09,2274.01
2009-12-08,2269.79
2009-12-07,2209.17
2009-12-04,2210.74
2009-12-03,2202.68
2009-12-02,2227.69
2009-12-01,2214.4
2009-11-30,2208.47
2009-11-27,2155.44
2009-11-26,2203.61
2009-11-25,2259.19
2009-11-24,2248.16
2009-11-23,2234.18
2009-11-20,2246.22
2009-11-19,2221.21
2009-11-18,2254.56
2009-11-17,2218.43
2009-11-16,2179.34
2009-11-13,2182.58
2009-11-12,2162.53
2009-11-11,2137.66
2009-11-10,2063.74
2009-11-09,2068.7
2009-11-06,2060.41
2009-11-05,2054.48
2009-11-04,2071.15
2009-11-03,1977.6
2009-11-02,2051.42
2009-10-30,2051.42
2009-10-29,2046.98
2009-10-28,2094.68
2009-10-27,2076.71
2009-10-26,2099.5
2009-10-23,2089.26
2009-10-22,2056.33
2009-10-21,2051.7
2009-10-20,2028.54
2009-10-19,2033.18
2009-10-16,2033.18
2009-10-15,2056.61
2009-10-14,2084.12
2009-10-13,2061.07
2009-10-12,2061.07
2009-10-09,2011.31
2009-10-08,2038.66
2009-10-07,2076.74
2009-10-06,2128.39
2009-10-05,2148.63
2009-10-02,2158.82
2009-10-01,2158.82
2009-09-30,2124.6
2009-09-29,2113.17
2009-09-28,2070.29
2009-09-25,2070.29
2009-09-24,2113.77
2009-09-23,2186.48
2009-09-22,2214.15
2009-09-21,2175.14
2009-09-18,2175.14
2009-09-17,2170.85
2009-09-16,2141.39
2009-09-15,2091.5
2009-09-14,2078.59
2009-09-11,2093.67
2009-09-10,2060.14
2009-09-09,2023.26
2009-09-08,2033.12
2009-09-07,2052.77
2009-09-04,2027.87
2009-09-03,2017.72
2009-09-02,1996.1
2009-09-01,1970.79
2009-08-31,1964.24
2009-08-28,2016.85
2009-08-27,2031.37
2009-08-26,2010.07
2009-08-25,1932.88
2009-08-24,1908.91
2009-08-21,1830.52
2009-08-20,1830.52
2009-08-19,1830.52
2009-08-18,1830.52
2009-08-17,1830.52
2009-08-14,1878.01
2009-08-13,1906.23
2009-08-12,1886.59
2009-08-11,1927.35
2009-08-10,1909.37
2009-08-07,1878.24
2009-08-06,1897.47
2009-08-05,1936.57
2009-08-04,1890.28
2009-08-03,1913.52
2009-07-31,1901.11
2009-07-30,1853.07
2009-07-29,1830.52
2009-07-28,1834.58
2009-07-27,1864.73
2009-07-24,1846.2
2009-07-23,1813
2009-07-22,1765.28
2009-07-21,1790.04
2009-07-20,1815.77
2009-07-17,1719.86
2009-07-16,1658.07
2009-07-15,1653.46
2009-07-14,1672.83
2009-07-13,1630.96
2009-07-10,1583.38
2009-07-09,1558.48
2009-07-08,1576.92
2009-07-07,1607.36
2009-07-06,1623.26
2009-07-03,1655.95
2009-07-02,1656.51
2009-07-01,1650.93
2009-06-30,1639.31
2009-06-29,1650.97
2009-06-26,1671.91
2009-06-25,1619.71
2009-06-24,1618.56
2009-06-23,1607.03
2009-06-22,1626.77
2009-06-19,1633.18
2009-06-18,1592.78
2009-06-17,1571.48
2009-06-16,1587.16
2009-06-15,1601.82
2009-06-12,1595.37
2009-06-11,1617.82
2009-06-10,1668.4
2009-06-09,1647.93
2009-06-08,1599.98
2009-06-05,1568.07
2009-06-04,1503.15
2009-06-03,1544.42
2009-06-02,1541.53
2009-06-01,1537.6
2009-05-29,1463.64
2009-05-28,1431.67
2009-05-27,1454.54
2009-05-26,1413.37
2009-05-25,1374.95
2009-05-22,1397.64
2009-05-21,1376.78
2009-05-20,1407.24
2009-05-19,1433.5
2009-05-18,1646.74
2009-05-15,1456.37
2009-05-14,1433.73
2009-05-13,1436.79
2009-05-12,1459.11
2009-05-11,1384.6
2009-05-08,1390.5
2009-05-07,1424.35
2009-05-06,1434.55
2009-05-05,1434.64
2009-05-04,1488.7
2009-05-01,1365.8
2009-04-30,1365.8
2009-04-29,1365.8
2009-04-28,1310
2009-04-27,1318.23
2009-04-24,1327.38
2009-04-23,1331.04
2009-04-22,1267.14
2009-04-21,1244.27
2009-04-20,1283.29
2009-04-17,1277.07
2009-04-16,1231.33
2009-04-15,1252.37
2009-04-14,1289.87
2009-04-13,1289.87
2009-04-10,1303.59
2009-04-09,1303.59
2009-04-08,1296.46
2009-04-07,1298.11
2009-04-06,1298.11
2009-04-02,1301.76
2009-04-01,1259.68
2009-03-31,1213.03
2009-03-30,1191.07
2009-03-27,1225.2
2009-03-26,1253.23
2009-03-25,1225.2
2009-03-24,1202.97
2009-03-23,1224.01
2009-03-20,1185.31
2009-03-19,1186.96
2009-03-18,1164.54
2009-03-17,1157.96
2009-03-16,1180.1
2009-03-13,1188.33
2009-03-12,1123.01
2009-03-09,1100.23
2009-03-06,1116.06
2009-03-05,1080.38
2009-03-04,1095.93
2009-03-03,1093.74
2009-03-02,1107.83
2009-02-27,1122.46
2009-02-26,1120.5
2009-02-25,1111.49
2009-02-24,1078.55
2009-02-20,1079.93
2009-02-19,1105.54
2009-02-18,1080.7
2009-02-17,1077.18
2009-02-16,1117.89
2009-02-13,1147.25
2009-02-12,1149.91
2009-02-11,1189.84
2009-02-10,1197.48
2009-02-09,1202.14
2009-02-06,1182.43
2009-02-05,1153.48
2009-02-04,1173.19
2009-02-03,1169.76
2009-02-02,1166.37
2009-01-30,1195.1
2009-01-29,1190.62
2009-01-28,1175.66
2009-01-27,1146.25
2009-01-23,1104.17
2009-01-22,1125.21
2009-01-21,1116.06
2009-01-20,1144.14
2009-01-19,1155.03
2009-01-16,1162.62
2009-01-15,1148.08
2009-01-14,1197.39
2009-01-13,1127.04
2009-01-12,1058.15
2009-01-09,1087.15
2009-01-08,1086.37
2009-01-07,1086.37
2009-01-06,1079.51
2009-01-05,1072.15
2009-01-02,1031.62
2009-01-01,1051.11
2008-12-31,1021.01
2008-12-30,1030.98
2008-12-29,1023.66
2008-12-26,1015.43
2008-12-25,1070.32
2008-12-24,1070.32
2008-12-23,1078.23
2008-12-22,1086.83
2008-12-19,1089.53
2008-12-18,1075.63
2008-12-17,1043.84
2008-12-16,1032.81
2008-12-15,1005.37
2008-12-12,1011.77
2008-12-11,1037.48
2008-12-10,1070.32
2008-12-08,1063.92
2008-12-05,1040.18
2008-12-04,1088.62
2008-12-03,1056.6
2008-12-02,1110.57
2008-12-01,1120.36
2008-11-28,1138.93
2008-11-26,1087.24
2008-11-25,1079.47
2008-11-24,1087.7
2008-11-21,1075.21
2008-11-20,1034.78
2008-11-19,1070.32
2008-11-18,1084.04
2008-11-17,1135.27
2008-11-14,1116.2
2008-11-12,1149.91
2008-11-11,1151.78
2008-11-10,1230.41
2008-11-07,1167.29
2008-11-06,1129.78
2008-11-05,1202.14
2008-11-04,1219.3
2008-11-03,1253.28
2008-10-31,1267.23
2008-10-29,1211.2
2008-10-28,1171.86
2008-10-27,1143.73
2008-10-24,1134.08
2008-10-23,1166.37
2008-10-22,1191.07
2008-10-21,1221.26
2008-10-20,1194.64
2008-10-17,1097.76
2008-10-16,1147.16
2008-10-15,1225.84
2008-10-14,1265.79
2008-10-13,1189.52
2008-10-10,1107.79
2008-10-08,1153.24
2008-10-07,1188.61
2008-10-06,1199.82
2008-10-03,1267.61
2008-10-01,1319.36
2008-09-30,1274.87
2008-09-29,1253.17
2008-09-26,1314.91
2008-09-25,1362.27
2008-09-24,1388.83
2008-09-23,1409.17
2008-09-22,1479.27
2008-09-19,1471
2008-09-18,1387.42
2008-09-17,1443.04
2008-09-16,1434.68
2008-09-15,1436.5
2008-09-12,1493.84
2008-09-11,1586.32
2008-09-10,1596.77
2008-09-09,1590.86
2008-09-08,1588.18
2008-09-05,1558.08
2008-09-04,1620.01
2008-09-02,1616.29
2008-09-01,1569.07
2008-08-29,1589.05
2008-08-28,1543.55
2008-08-27,1550.91
2008-08-26,1540.74
2008-08-25,1550
2008-08-22,1538.2
2008-08-21,1503.15
2008-08-20,1543.65
2008-08-19,1541.06
2008-08-18,1546.37
2008-08-14,1539.11
2008-08-13,1475.63
2008-08-12,1456.48
2008-08-11,1514.59
2008-08-08,1523.67
2008-08-07,1566.62
2008-08-06,1541.88
2008-08-05,1528.07
2008-08-04,1503.65
2008-08-01,1487.62
2008-07-31,1434.68
2008-07-30,1451.75
2008-07-29,1400.63
2008-07-28,1395.64
2008-07-25,1410.17
2008-07-24,1411.98
2008-07-23,1443.76
2008-07-22,1434.68
2008-07-21,1416.52
2008-07-18,1414.71
2008-07-17,1436.5
2008-07-16,1413.8
2008-07-15,1396.68
2008-07-14,1412.89
2008-07-11,1513.68
2008-07-10,1643.8
2008-07-09,1657.51
2008-07-08,1578.15
2008-07-07,1637.04
2008-07-04,1589.05
2008-07-03,1578.15
2008-07-02,1666.37
2008-07-01,1551
2008-06-30,1567.25
2008-06-27,1548.19
2008-06-26,1616.29
2008-06-25,1591.5
2008-06-24,1607.89
2008-06-23,1676.99
2008-06-20,1666.23
2008-06-19,1687.34
2008-06-18,1692.24
2008-06-17,1744.5
2008-06-16,1737.28
2008-06-13,1699.83
2008-06-12,1705.18
2008-06-11,1725.16
2008-06-10,1701.64
2008-06-09,1740.51
2008-06-06,1810.61
2008-06-05,1792.9
2008-06-04,1707.09
2008-06-03,1747.77
2008-06-02,1764.3
2008-05-30,1793.35
2008-05-29,1711.9
2008-05-28,1707.23
2008-05-27,1682.43
2008-05-26,1687.18
2008-05-23,1633.52
2008-05-22,1669.05
2008-05-21,1673.52
2008-05-20,1687.83
2008-05-16,1670.84
2008-05-15,1688.5
2008-05-14,1635.89
2008-05-13,1551.05
2008-05-12,1584.13
2008-05-09,1555.43
2008-05-08,1591.28
2008-05-07,1649.39
2008-05-06,1651.18
2008-05-05,1602.01
2008-05-02,1599.19
2008-04-30,1568.04
2008-04-29,1563.57
2008-04-28,1484
2008-04-25,1505.46
2008-04-24,1509.03
2008-04-23,1477.79
2008-04-22,1433.04
2008-04-21,1474.35
2008-04-17,1484.14
2008-04-16,1429.47
2008-04-15,1350.89
2008-04-11,1273.87
2008-04-10,1291.8
2008-04-09,1321.16
2008-04-08,1307.89
2008-04-07,1340.97
2008-04-04,1321.3
2008-04-03,1366
2008-04-02,1325.77
2008-04-01,1270.34
2008-03-31,1281.52
2008-03-28,1367.78
2008-03-27,1291.8
2008-03-26,1343.65
2008-03-25,1333.81
2008-03-24,1234.58
2008-03-19,1205.97
2008-03-18,1164.85
2008-03-17,1188.99
2008-03-14,1228.23
2008-03-13,1187.2
2008-03-12,1235.48
2008-03-11,1271.41
2008-03-10,1274.81
2008-03-07,1286.43
2008-03-05,1305.21
2008-03-04,1269.94
2008-03-03,1304.31
2008-02-29,1367.65
2008-02-28,1430.09
2008-02-27,1446.45
2008-02-26,1479.53
2008-02-25,1450.92
2008-02-22,1409.98
2008-02-21,1465.23
2008-02-20,1401.09
2008-02-19,1403.72
2008-02-18,1390.13
2008-02-15,1400.86
2008-02-14,1391.03
2008-02-13,1390.13
2008-02-12,1380.3
2008-02-11,1403.5
2008-02-08,1384.77
2008-02-07,1326.66
2008-02-06,1358.84
2008-02-05,1444.67
2008-02-04,1470.59
2008-02-01,1421.42
2008-01-31,1358.84
2008-01-30,1332.03
2008-01-29,1334.84
2008-01-28,1294.48
2008-01-25,1365.28
2008-01-24,1247.1
2008-01-23,1269.45
2008-01-22,1287.33
2008-01-21,1242.67
2008-01-18,1299.66
2008-01-17,1333.81
2008-01-16,1334.71
2008-01-15,1342.75
2008-01-14,1369.48
2008-01-11,1414.45
2008-01-10,1449.94
2008-01-09,1475.06
2008-01-08,1490.21
2008-01-07,1466.43
2008-01-04,1515.29
2008-01-03,1535.85
2008-01-02,1568.93
2008-01-01,1560.88
2007-12-31,1577.87
2007-12-28,1600.22
2007-12-27,1613.63
2007-12-26,1631.55
2007-12-24,1620.78
2007-12-20,1524.23
2007-12-19,1462.55
2007-12-18,1447.35
2007-12-17,1452.13
2007-12-14,1467.91
2007-12-13,1485.79
2007-12-12,1500.09
2007-12-11,1558.2
2007-12-10,1559.68
2007-12-07,1529.59
2007-12-06,1464.33
2007-12-05,1435.73
2007-12-04,1443.68
2007-12-03,1432.11
2007-11-30,1434.83
2007-11-29,1398.98
2007-11-28,1408.01
2007-11-27,1404.88
2007-11-26,1409.8
2007-11-23,1390.04
2007-11-22,1366
2007-11-21,1376.72
2007-11-20,1392.01
2007-11-19,1446.45
2007-11-16,1451.82
2007-11-15,1475.37
2007-11-14,1519.76
2007-11-13,1454.28
2007-11-12,1470.59
2007-11-09,1517.08
2007-11-08,1535.9
2007-11-07,1556.41
2007-11-06,1655.64
2007-11-05,1667.27
2007-11-02,1698.56
2007-11-01,1680.68
2007-10-31,1644.92
2007-10-30,1656.54
2007-10-29,1663.24
2007-10-26,1653.86
2007-10-25,1640.45
2007-10-24,1649.39
2007-10-23,1685.24
2007-10-22,1672.54
2007-10-19,1707.41
2007-10-18,1681.57
2007-10-17,1666.37
2007-10-16,1657.46
2007-10-15,1719.84
2007-10-12,1725.19
2007-10-11,1752.68
2007-10-10,1898.06
2007-10-09,1825.88
2007-10-08,1782.22
2007-10-05,1764.39
2007-10-04,1782.22
2007-10-03,1783.15
2007-10-01,1688.65
2007-09-28,1681.61
2007-09-27,1693.11
2007-09-26,1634.11
2007-09-25,1579.04
2007-09-24,1568.4
2007-09-21,1633.67
2007-09-20,1604
2007-09-19,1653.9
2007-09-18,1612.91
2007-09-17,1599.54
2007-09-14,1640.53
2007-09-13,1635.18
2007-09-12,1624.49
2007-09-11,1628.05
2007-09-10,1666.37
2007-09-07,1703.8
2007-09-06,1695.73
2007-09-05,1683.13
2007-09-04,1683.3
2007-09-03,1658.58
2007-08-31,1653.01
2007-08-30,1657.46
2007-08-29,1629.84
2007-08-28,1666.37
2007-08-27,1644.09
2007-08-24,1619.14
2007-08-23,1611.39
2007-08-22,1596.87
2007-08-21,1572.81
2007-08-20,1629.84
2007-08-17,1649.62
2007-08-16,1706.7
2007-08-14,1744.88
2007-08-13,1728.97
2007-08-10,1746.48
2007-08-09,1723.63
2007-08-08,1753.03
2007-08-07,1673.9
2007-08-06,1662.18
2007-08-03,1707.94
2007-08-02,1692.39
2007-08-01,1719.39
2007-07-31,1760.65
2007-07-30,1770.1
2007-07-27,1789.21
2007-07-26,1812.83
2007-07-25,1772.28
2007-07-24,1760.03
2007-07-23,1735.7
2007-07-20,1769.96
2007-07-19,1779.1
2007-07-18,1732.8
2007-07-17,1727.46
2007-07-16,1725.05
2007-07-13,1728.57
2007-07-12,1712.89
2007-07-11,1719.53
2007-07-10,1800.48
2007-07-09,1776.65
2007-07-06,1757.09
2007-07-05,1708.08
2007-07-04,1720.77
2007-07-03,1735.34
2007-07-02,1732.18
2007-06-29,1718.99
2007-06-28,1715.43
2007-06-27,1724.61
2007-06-26,1712.84
2007-06-25,1725.76
2007-06-22,1738.37
2007-06-21,1745.19
2007-06-20,1741.4
2007-06-19,1743.54
2007-06-18,1772.82
2007-06-15,1790.59
2007-06-14,1799.33
2007-06-13,1772.19
2007-06-12,1772.86
2007-06-11,1764.22
2007-06-08,1738.42
2007-06-07,1744.03
2007-06-06,1727.28
2007-06-05,1725.81
2007-06-04,1701.92
2007-05-31,1708.31
2007-05-30,1692.9
2007-05-29,1735.13
2007-05-28,1750.99
2007-05-25,1763.38
2007-05-24,1720.3
2007-05-23,1710.31
2007-05-22,1728.96
2007-05-21,1741.09
2007-05-18,1760.18
2007-05-17,1761.6
2007-05-16,1733.36
2007-05-15,1752.68
2007-05-14,1777.94
2007-05-11,1776.79
2007-05-10,1753.34
2007-05-09,1759.03
2007-05-08,1778.25
2007-05-07,1813.42
2007-05-04,1840.11
2007-05-03,1848.77
2007-04-30,1821.42
2007-04-27,1780.83
2007-04-26,1793
2007-04-25,1792.69
2007-04-24,1827.68
2007-04-23,1837.76
2007-04-20,1825.19
2007-04-19,1811.69
2007-04-18,1844.02
2007-04-17,1849.75
2007-04-16,1890.56
2007-04-13,1853.43
2007-04-12,1816.98
2007-04-11,1772.92
2007-04-10,1775.23
2007-04-09,1818.49
2007-04-05,1769.42
2007-04-04,1771.19
2007-04-03,1744.86
2007-04-02,1707.82
2007-03-30,1792.82
2007-03-29,1768
2007-03-28,1769.19
2007-03-26,1827.9
2007-03-23,1858.5
2007-03-22,1881.99
2007-03-21,1859.69
2007-03-20,1825.9
2007-03-19,1853.74
2007-03-16,1818.4
2007-03-15,1846.77
2007-03-14,1794.02
2007-03-13,1869.55
2007-03-12,1878.66
2007-03-09,1883.67
2007-03-08,1896.82
2007-03-07,1852.06
2007-03-06,1877.9
2007-03-05,1782.61
2007-03-02,1859.3
2007-03-01,1917.6
2007-02-28,1845.13
2007-02-27,1942.33
2007-02-26,1970
2007-02-23,1987.36
2007-02-22,2031.59
2007-02-21,2052.37
2007-02-20,2095.94
2007-02-19,2110.28
2007-02-15,2116.36
2007-02-14,2029.06
2007-02-13,2046.42
2007-02-12,2088.21
2007-02-09,2097.09
2007-02-08,2108.15
2007-02-07,2093.36
2007-02-06,2018.67
2007-02-05,2015.43
2007-02-02,2012.1
2007-02-01,2015.12
2007-01-31,1995.89
2007-01-29,1993.31
2007-01-25,1990.29
2007-01-24,1984.12
2007-01-23,1985.1
2007-01-22,2001.84
2007-01-19,1955.97
2007-01-18,1975.33
2007-01-17,1958.72
2007-01-16,1973.6
2007-01-15,1992.03
2007-01-12,1974.66
2007-01-11,1938.78
2007-01-10,1922.31
2007-01-09,1945.09
2007-01-08,1958.85
2007-01-05,2020.53
2007-01-04,2029.64
2007-01-03,2052.77
2007-01-02,2018.4
2006-12-29,1991
2006-12-28,1996.69
2006-12-27,2000.64
2006-12-26,1971.15
2006-12-22,1930.61
2006-12-21,1921.64
2006-12-20,1927.86
2006-12-19,1916.22
2006-12-18,1975.64
2006-12-15,1983.63
2006-12-14,1950.42
2006-12-13,1909.16
2006-12-12,1922.13
2006-12-11,1949.26
2006-12-08,1949.93
2006-12-07,1975.02
2006-12-06,1997.31
2006-12-05,1988.61
2006-12-04,1960.32
2006-12-01,1949.48
2006-11-30,1935.85
2006-11-29,1915.38
2006-11-28,1922.71
2006-11-27,1969.69
2006-11-24,1985.41
2006-11-23,1986.79
2006-11-22,1976.57
2006-11-21,2004.06
2006-11-20,2001.66
2006-11-17,1941.8
2006-11-16,1953.84
2006-11-15,1974
2006-11-14,1963.25
2006-11-13,1918.49
2006-11-10,1900.42
2006-11-09,1898.06
2006-11-08,1888.03
2006-11-07,1867.16
2006-11-06,1838.42
2006-11-03,1842.78
2006-11-02,1851.52
2006-11-01,1868.13
2006-10-31,1861.07
2006-10-30,1889.67
2006-10-27,1858.45
2006-10-26,1841.4
2006-10-23,1813.16
2006-10-20,1833.18
2006-10-19,1837.09
2006-10-18,1836.91
2006-10-17,1834.61
2006-10-16,1860.84
2006-10-13,1850.87
2006-10-12,1789.74
2006-10-11,1754.25
2006-10-10,1688.87
2006-10-09,1679.96
2006-10-06,1659.94
2006-10-05,1652.54
2006-10-04,1594.73
2006-10-03,1610.9
2006-09-29,1638.76
2006-09-28,1646.29
2006-09-27,1628.18
2006-09-26,1630.08
2006-09-25,1609.44
2006-09-22,1621.35
2006-09-21,1628.53
2006-09-20,1621.75
2006-09-19,1609.3
2006-09-18,1610.15
2006-09-15,1604.21
2006-09-14,1622.51
2006-09-13,1603.15
2006-09-12,1569.57
2006-09-11,1535.9
2006-09-08,1585.38
2006-09-07,1600.89
2006-09-06,1625.7
2006-09-05,1625.74
2006-09-04,1637.04
2006-09-01,1604.08
2006-08-31,1600.44
2006-08-30,1595.84
2006-08-29,1599.91
2006-08-28,1570.63
2006-08-25,1565.27
2006-08-24,1565.45
2006-08-23,1566.33
2006-08-22,1578.07
2006-08-21,1593.09
2006-08-18,1561.11
2006-08-17,1557.21
2006-08-16,1552.51
2006-08-14,1555.35
2006-08-11,1543.56
2006-08-10,1513.8
2006-08-09,1507.99
2006-08-08,1492.22
2006-08-07,1482.79
2006-08-04,1489.03
2006-08-02,1476.63
2006-08-01,1468.96
2006-07-31,1466.79
2006-07-28,1444.33
2006-07-27,1469.27
2006-07-26,1458.69
2006-07-25,1427.06
2006-07-24,1427.59
2006-07-21,1419.44
2006-07-20,1459.97
2006-07-19,1421.61
2006-07-18,1443.76
2006-07-17,1422.23
2006-07-14,1460.77
2006-07-13,1490.18
2006-07-12,1499.81
2006-07-11,1394.63
2006-07-10,1412.29
2006-07-07,1375.49
2006-07-06,1401.57
2006-07-05,1414.96
2006-07-04,1395.27
2006-07-03,1397.36
2006-06-30,1363.95
2006-06-29,1326.16
2006-06-28,1317.68
2006-06-27,1314.55
2006-06-26,1284.77
2006-06-23,1325.24
2006-06-22,1307.65
2006-06-21,1294.97
2006-06-20,1259.87
2006-06-19,1271.92
2006-06-14,1100.93
2006-06-13,1169.1
2006-06-12,1224.08
2006-06-09,1238.01
2006-06-08,1197.76
2006-06-07,1224.1
2006-06-06,1225.05
2006-06-05,1251.12
2006-06-02,1278.48
2006-06-01,1253.61
2006-05-30,1340.72
2006-05-29,1314.67
2006-05-26,1299.85
2006-05-25,1253.03
2006-05-24,1233.27
2006-05-23,1254.69
2006-05-22,1217.21
2006-05-19,1282.19
2006-05-18,1307.84
2006-05-17,1382.96
2006-05-16,1357.9
2006-05-15,1358.34
2006-05-12,1397.66
2006-05-11,1403.59
2006-05-10,1403.67
2006-05-09,1395.43
2006-05-08,1391.6
2006-05-05,1384.64
2006-05-04,1384.3
2006-05-03,1367.1
2006-05-02,1364.01
2006-04-27,1350.41
2006-04-26,1390.18
2006-04-25,1354.36
2006-04-24,1381.49
2006-04-21,1423.26
2006-04-20,1412.44
2006-04-19,1413.39
2006-04-18,1438.05
2006-04-17,1392.33
2006-04-13,1301.34
2006-04-10,1374.81
2006-04-07,1365.2
2006-04-05,1342.68
2006-04-04,1359.03
2006-04-03,1354.48
2006-03-31,1285.19
2006-03-30,1311.75
2006-03-28,1275.97
2006-03-27,1241.18
2006-03-24,1248.53
2006-03-23,1245.98
2006-03-22,1258.72
2006-03-21,1275.86
2006-03-20,1278.94
2006-03-17,1240.59
2006-03-16,1259.5
2006-03-14,1264.09
2006-03-13,1265.28
2006-03-10,1255.92
2006-03-09,1225.53
2006-03-08,1207.49
2006-03-07,1215.4
2006-03-06,1230.71
2006-03-03,1217.5
2006-03-02,1230.4
2006-03-01,1252.32
2006-02-28,1219.47
2006-02-27,1228.79
2006-02-24,1188.7
2006-02-23,1204.65
2006-02-22,1207.21
2006-02-20,1219.24
2006-02-17,1200.72
2006-02-16,1198.85
2006-02-15,1196.71
2006-02-14,1216.44
2006-02-13,1233.75
2006-02-10,1234.74
2006-02-08,1251.24
2006-02-07,1238.29
2006-02-06,1225.32
2006-02-03,1201.31
2006-02-02,1219.11
2006-02-01,1239.78
2006-01-31,1241.61
2006-01-30,1234.09
2006-01-27,1251.35
2006-01-25,1219.01
2006-01-24,1216.45
2006-01-23,1183.13
2006-01-19,1216.01
2006-01-18,1181.09
2006-01-16,1198.48
2006-01-13,1226.22
2006-01-12,1223.29
2006-01-10,1282.49
2006-01-09,1308.67
2006-01-06,1316.14
2006-01-05,1316.88
2006-01-04,1317.05
2006-01-03,1296.18
2006-01-02,1284.31
2005-12-30,1291.86
2005-12-29,1287.8
2005-12-28,1288.31
2005-12-27,1290.8
2005-12-26,1272.04
2005-12-23,1285.08
2005-12-22,1285.8
2005-12-21,1282.06
2005-12-20,1280.36
2005-12-19,1303.45
2005-12-16,1285.58
2005-12-15,1257.71
2005-12-14,1243.88
2005-12-13,1270.34
2005-12-12,1261.34
2005-12-09,1238.71
2005-12-08,1216.18
2005-12-07,1207.8
2005-12-06,1204.38
2005-12-05,1201.56
2005-12-02,1224.76
2005-12-01,1193.16
2005-11-30,1157.18
2005-11-29,1179.41
2005-11-28,1189.06
2005-11-25,1181.35
2005-11-24,1164.29
2005-11-23,1156.62
2005-11-22,1153.78
2005-11-21,1153.97
2005-11-18,1170.1
2005-11-17,1166.93
2005-11-16,1181.43
2005-11-14,1143.5
2005-11-11,1155.72
2005-11-10,1144.03
2005-11-09,1124.72
2005-11-08,1139.66
2005-11-07,1137.32
2005-11-02,1114.96
2005-10-31,1087.13
2005-10-28,1041.21
2005-10-27,1063.12
2005-10-26,1082.05
2005-10-25,1086.86
2005-10-24,1082.55
2005-10-21,1100.61
2005-10-20,1094.31
2005-10-19,1079.27
2005-10-18,1090.85
2005-10-17,1117.23
2005-10-14,1115.82
2005-10-13,1124.89
2005-10-11,1150.74
2005-10-10,1124.75
2005-10-07,1103.36
2005-10-06,1119.08
2005-10-05,1132.31
2005-10-04,1127.13
2005-10-03,1095.05
2005-09-30,1078.85
2005-09-29,1083.53
2005-09-28,1059.77
2005-09-27,1062.77
2005-09-26,1066.44
2005-09-23,1028.78
2005-09-22,1034.76
2005-09-20,1073.83
2005-09-19,1050.97
2005-09-16,1049.53
2005-09-15,1051.08
2005-09-14,1049
2005-09-13,1049.26
2005-09-12,1039.24
2005-09-09,1036.78
2005-09-08,1039.01
2005-09-06,1013.96
2005-09-05,1009.99
2005-09-02,1023.26
2005-09-01,1040.4
2005-08-31,1019.15
2005-08-30,1006.62
2005-08-29,987.02
2005-08-26,973.34
2005-08-25,974.41
2005-08-24,971.15
2005-08-22,992.91
2005-08-19,987.11
2005-08-18,985.92
2005-08-17,994.18
2005-08-16,962.46
2005-08-12,967.38
2005-08-11,981.05
2005-08-10,990.29
2005-08-09,968.52
2005-08-08,971.32
2005-08-05,980.24
2005-08-04,989.65
2005-08-03,1007.86
2005-08-02,983.53
2005-08-01,968.72
2005-07-29,970.38
2005-07-27,954.19
2005-07-26,952.39
2005-07-25,953.46
2005-07-22,957.68
2005-07-21,944.95
2005-07-20,955.34
2005-07-19,965.23
2005-07-18,971.9
2005-07-15,939.34
2005-07-14,913.66
2005-07-13,943.41
2005-07-11,990.63
2005-07-08,998.82
2005-07-07,992.39
2005-07-06,1003.4
2005-07-05,996.84
2005-07-04,1024.17
2005-06-30,1008.79
2005-06-29,994.42
2005-06-28,980.75
2005-06-27,1000.3
2005-06-24,989.46
2005-06-23,1002.8
2005-06-22,1021.97
2005-06-21,1023.87
2005-06-20,1014.29
2005-06-17,978.79
2005-06-16,975.51
2005-06-15,965.33
2005-06-14,956.13
2005-06-10,946.33
2005-06-09,956.82
2005-06-08,982.27
2005-06-07,955.16
2005-06-06,948.13
2005-06-02,941.68
2005-06-01,950.51
2005-05-31,957.11
2005-05-30,947.57
2005-05-26,937.87
2005-05-25,923.41
2005-05-24,916.74
2005-05-23,907.83
2005-05-20,910.36
2005-05-19,891.75
2005-05-17,877.8
2005-05-16,883.73
2005-05-13,864.59
2005-05-12,876.61
2005-05-11,878.65
2005-05-10,875.78
2005-05-09,891.69
2005-05-06,859.77
2005-05-05,848.54
2005-05-04,824.06
2005-05-03,808.69
2005-05-02,814.52
2005-04-29,802.46
2005-04-28,810.45
2005-04-27,814.09
2005-04-26,832.99
2005-04-25,845.67
2005-04-22,850.28
2005-04-21,827.13
2005-04-20,828.49
2005-04-19,813.43
2005-04-18,814
2005-04-15,832.36
2005-04-13,893.77
2005-04-12,900.6
2005-04-08,905
2005-04-07,930.69
2005-04-06,951.1
2005-04-05,944.78
2005-04-04,947.84
2005-04-01,950.91
2005-03-31,959.99
2005-03-30,923.03
2005-03-29,921.46
2005-03-28,929.71
2005-03-24,918.27
2005-03-23,919.67
2005-03-22,945.77
2005-03-21,951.21
2005-03-18,935.64
2005-03-16,932.73
2005-03-15,940.26
2005-03-14,946.78
2005-03-11,941.89
2005-03-09,957.74
2005-03-08,962.92
2005-03-07,957.82
2005-03-04,950.21
2005-03-03,941.8
2005-03-02,930.16
2005-03-01,927.68
2005-02-28,952.72
2005-02-25,926.92
2005-02-24,920.48
2005-02-23,910.4
2005-02-22,919.08
2005-02-21,911.8
2005-02-18,920.65
2005-02-17,924.58
2005-02-16,928.7
2005-02-15,927.96
2005-02-14,922.75
2005-02-11,894.66
2005-02-10,869.49
2005-02-09,869.74
2005-02-08,869.15
2005-02-07,863.34
2005-02-04,886.92
2005-02-03,893.71
2005-02-02,881.14
2005-02-01,876.87
2005-01-31,879.79
2005-01-28,866.62
2005-01-27,830.23
2005-01-25,813.54
2005-01-20,835.61
2005-01-19,833.14
2005-01-18,835.89
2005-01-17,849.62
2005-01-14,839.54
2005-01-13,837.14
2005-01-12,810.73
2005-01-11,838.54
2005-01-10,848.43
2005-01-07,872.21
2005-01-06,869.21
2005-01-05,872.93
2005-01-04,888.9
2005-01-03,901.45